big data contents,Broad match,None,TrendyTech Search India,Broad Match #3,1,1,100%,INR,24.06,24.06,0,0,0%,Search
spark training with lab access,Broad match,None,TrendyTech Search India,Broad Match #3,1,2,200%,INR,29.97,59.94,0,0,0%,Search
online hadoop training institutes in hyderabad,Broad match,None,TrendyTech Search India,Broad Match #3,1,1,100%,INR,28.45,28.45,0,0,0%,Search
coursera data analytics,Broad match,None,TrendyTech Search India,Broad Match #3,1,1,100%,INR,24.64,24.64,0,0,0%,Search
ameerpet big data training cost,Broad match,None,TrendyTech Search India,Broad Match #3,2,1,50%,INR,34.86,34.86,0,0,0%,Search
good comment on big data trainer,Broad match,None,TrendyTech Search India,Broad Match #3,1,2,200%,INR,30.47,60.94,0,0,0%,Search
spark classes,Broad match,None,TrendyTech Search India,Broad Match #3,3,1,33.33%,INR,29.21,29.21,0,0,0%,Search
data analytics course near me,Broad match,None,TrendyTech Search India,Broad Match #3,0,1,--,INR,25.42,25.42,0,0,0%,Search
best big data course,Broad match,None,TrendyTech Search India,Broad Match #3,1,1,100%,INR,29.93,29.93,0,0,0%,Search
hadoop spark course in bangalore,Broad match,None,TrendyTech Search India,Broad Match #3,2,1,50%,INR,6.95,6.95,0,0,0%,Search
www intellipaat com,Broad match,None,TrendyTech Search India,Broad Match #3,9,4,44.44%,INR,16.96,67.82,0,0,0%,Search
python course in hyderabad fees,Broad match,None,TrendyTech Search India,Broad Match #3,1,1,100%,INR,12.56,12.56,0,0,0%,Search
learning big data,Broad match,None,TrendyTech Search India,Broad Match #3,1,1,100%,INR,34.98,34.98,0,0,0%,Search
coursera big data specialization,Broad match,None,TrendyTech Search India,Broad Match #3,2,1,50%,INR,29.46,29.46,0,0,0%,Search
hadoop training catalog,Broad match,None,TrendyTech Search India,Broad Match #3,0,1,--,INR,29.35,29.35,0,0,0%,Search
hadoop is supporting horizontal scalability true or false,Broad match,None,TrendyTech Search India,Broad Match #3,1,1,100%,INR,24.39,24.39,0,0,0%,Search
bid data quiz on coursera week 1,Broad match,None,TrendyTech Search India,Broad Match #3,1,1,100%,INR,24.7,24.7,0,0,0%,Search
best data engineering courses,Broad match,None,TrendyTech Search India,Broad Match #3,1,1,100%,INR,28.2,28.2,0,0,0%,Search
best hadoop training in hyderabad,Broad match,None,TrendyTech Search India,Broad Match #3,1,1,100%,INR,24.83,24.83,0,0,0%,Search
case study and solution bigdata using spark,Broad match,None,TrendyTech Search India,Broad Match #3,1,1,100%,INR,34.98,34.98,0,0,0%,Search
big data training center in kolkata,Broad match,None,TrendyTech Search India,Broad Match #3,1,1,100%,INR,33.09,33.09,0,0,0%,Search
data analytics career opportunities,Broad match,None,TrendyTech Search India,Broad Match #3,0,1,--,INR,21.7,21.7,0,0,0%,Search
big data classes near me,Phrase match (close variant),None,TrendyTech Search India,Broad Match #3,1,1,100%,INR,29.75,29.75,0,0,0%,Search
b tech comp sc big data,Broad match,None,TrendyTech Search India,Broad Match #3,2,1,50%,INR,29.3,29.3,0,0,0%,Search
big data course in delhi,Broad match,None,TrendyTech Search India,Broad Match #3,3,3,100%,INR,32.91,98.74,0,0,0%,Search
udemy certification courses for big data,Broad match,None,TrendyTech Search India,Broad Match #3,1,1,100%,INR,24.95,24.95,0,0,0%,Search
big data course in thane,Broad match,None,TrendyTech Search India,Broad Match #3,1,1,100%,INR,29.84,29.84,0,0,0%,Search
online data mining certification programs,Broad match,None,TrendyTech Search India,Broad Match #3,1,1,100%,INR,24.99,24.99,0,0,0%,Search
congitive classes,Broad match,None,TrendyTech Search India,Broad Match #3,1,1,100%,INR,29.36,29.36,0,0,0%,Search
online big data queries helper,Broad match,None,TrendyTech Search India,Broad Match #3,1,1,100%,INR,25.76,25.76,0,0,0%,Search
training in chennai,Broad match,None,TrendyTech Search India,Broad Match #3,1,1,100%,INR,26.67,26.67,0,0,0%,Search
nlp assessment task of big data artificial intelligence and coursera,Broad match,None,TrendyTech Search India,Broad Match #3,1,1,100%,INR,28.15,28.15,0,0,0%,Search
rdd sum in spark using scala,Broad match,None,TrendyTech Search India,Broad Match #3,1,1,100%,INR,19.98,19.98,0,0,0%,Search
best hadoop courses,Broad match,None,TrendyTech Search India,Broad Match #3,1,1,100%,INR,28.38,28.38,0,0,0%,Search
hyderabad training center,Broad match,None,TrendyTech Search India,Broad Match #3,1,1,100%,INR,21.5,21.5,0,0,0%,Search
apache hadoop institute in delhi,Broad match,None,TrendyTech Search India,Broad Match #3,1,1,100%,INR,34.75,34.75,0,0,0%,Search
data analysis iit course time,Broad match,None,TrendyTech Search India,Broad Match #3,1,1,100%,INR,29.09,29.09,0,0,0%,Search
hadoop classes in pune,Broad match,None,TrendyTech Search India,Broad Match #3,1,1,100%,INR,29.58,29.58,0,0,0%,Search
hadoop the definitive guide,Broad match,None,TrendyTech Search India,Broad Match #3,1,1,100%,INR,34.02,34.02,0,0,0%,Search
edureka big data architect masters program review,Broad match,None,TrendyTech Search India,Broad Match #3,2,2,100%,INR,19.82,39.64,0,0,0%,Search
bigdata for beginners,Broad match,None,TrendyTech Search India,Broad Match #3,1,1,100%,INR,18.2,18.2,0,0,0%,Search
institutes of big data in delhi which has international value,Broad match,None,TrendyTech Search India,Broad Match #3,1,1,100%,INR,22.73,22.73,0,0,0%,Search
big data coaching institute in bangalore,Broad match,None,TrendyTech Search India,Broad Match #3,1,1,100%,INR,34.79,34.79,0,0,0%,Search
_ * in spark scala,Phrase match (close variant),None,TrendyTech Search India,Broad Match #3,1,1,100%,INR,20,20,0,0,0%,Search
best big data training in hyderabad,Broad match,None,TrendyTech Search India,Broad Match #3,1,1,100%,INR,21.5,21.5,0,0,0%,Search
edureka certification big data,Broad match,None,TrendyTech Search India,Broad Match #3,1,1,100%,INR,29.97,29.97,0,0,0%,Search
hadoop course fees,Broad match,None,TrendyTech Search India,Broad Match #3,1,1,100%,INR,29.93,29.93,0,0,0%,Search
bigdata vourse fee sla institute,Phrase match (close variant),None,TrendyTech Search India,Broad Match #3,2,1,50%,INR,29.78,29.78,0,0,0%,Search
online big data certification programs,Broad match,None,TrendyTech Search India,Broad Match #3,1,1,100%,INR,25,25,0,0,0%,Search
learn big data from scratch in chennai with fees structure,Broad match,None,TrendyTech Search India,Broad Match #3,1,1,100%,INR,17.37,17.37,0,0,0%,Search
big data online paid courses under 3000,Broad match,None,TrendyTech Search India,Broad Match #3,1,1,100%,INR,34.09,34.09,0,0,0%,Search
select the types of big data analytics,Broad match,None,TrendyTech Search India,Broad Match #3,2,1,50%,INR,33.65,33.65,0,0,0%,Search
big data course fee,Broad match,None,TrendyTech Search India,Broad Match #3,1,1,100%,INR,29.63,29.63,0,0,0%,Search
unacademy data analytics,Broad match,None,TrendyTech Search India,Broad Match #3,1,1,100%,INR,30,30,0,0,0%,Search
big data hadoop,Broad match,None,TrendyTech Search India,Broad Match #3,151,22,14.57%,INR,26.12,574.63,0,0,0%,Search
big data concepts,Broad match,None,TrendyTech Search India,Broad Match #3,1,1,100%,INR,18.72,18.72,0,0,0%,Search
charging section and rcm courses data,Broad match,None,TrendyTech Search India,Broad Match #3,1,1,100%,INR,34.94,34.94,0,0,0%,Search
leanr big data,Broad match,None,TrendyTech Search India,Broad Match #3,0,1,--,INR,17.9,17.9,0,0,0%,Search
big data pgp,Broad match,None,TrendyTech Search India,Broad Match #3,4,1,25%,INR,24.82,24.82,0,0,0%,Search
big data course,Exact match,Added,TrendyTech Search India,Broad Match #3,224,10,4.46%,INR,28.95,289.49,0,0,0%,Search
cloudera training,Broad match,None,TrendyTech Search India,Broad Match #3,3,2,66.67%,INR,26.85,53.7,0,0,0%,Search
inceptez,Broad match,None,TrendyTech Search India,Broad Match #3,4,2,50%,INR,27.75,55.5,0,0,0%,Search
acadgild reviews hyderabad,Broad match,None,TrendyTech Search India,Broad Match #3,1,1,100%,INR,23.75,23.75,0,0,0%,Search
cloudxlab courses,Broad match,None,TrendyTech Search India,Broad Match #3,8,4,50%,INR,19.92,79.66,0,0,0%,Search
big data ecosystems,Broad match,None,TrendyTech Search India,Broad Match #3,2,1,50%,INR,24.66,24.66,0,0,0%,Search
apache spark tutorial,Broad match,None,TrendyTech Search India,Broad Match #3,3,2,66.67%,INR,20.33,40.66,0,0,0%,Search
contentsbto learn hadoop and spark,Broad match,None,TrendyTech Search India,Broad Match #3,1,1,100%,INR,24.66,24.66,0,0,0%,Search
cloudera certified professional,Broad match,None,TrendyTech Search India,Broad Match #3,1,2,200%,INR,34.77,69.54,0,0,0%,Search
big data beginner to advance course,Broad match,None,TrendyTech Search India,Broad Match #3,1,1,100%,INR,29.26,29.26,0,0,0%,Search
bigdata online class hyderabad,Broad match,None,TrendyTech Search India,Broad Match #3,1,1,100%,INR,29.63,29.63,0,0,0%,Search
bigdatauniversity,Broad match,None,TrendyTech Search India,Broad Match #3,2,1,50%,INR,24.48,24.48,0,0,0%,Search
intellipaat course discount,Broad match,None,TrendyTech Search India,Broad Match #3,1,1,100%,INR,16.68,16.68,0,0,0%,Search
hive course online,Broad match,None,TrendyTech Search India,Broad Match #3,1,1,100%,INR,24.98,24.98,0,0,0%,Search
big data banking finance analytical course from nsdc,Broad match,None,TrendyTech Search India,Broad Match #3,1,1,100%,INR,24.9,24.9,0,0,0%,Search
spark training and placement online in hyderabad,Broad match,None,TrendyTech Search India,Broad Match #3,1,1,100%,INR,24.76,24.76,0,0,0%,Search
big data training content,Broad match,None,TrendyTech Search India,Broad Match #3,1,1,100%,INR,24.96,24.96,0,0,0%,Search
big data coarse,Exact match (close variant),None,TrendyTech Search India,Broad Match #3,1,1,100%,INR,29.58,29.58,0,0,0%,Search
b data courses,Broad match,None,TrendyTech Search India,Broad Match #3,1,1,100%,INR,13.05,13.05,0,0,0%,Search
big data hadoop training kundalahalli bangalore,Broad match,None,TrendyTech Search India,Broad Match #3,1,1,100%,INR,24.43,24.43,0,0,0%,Search
motivation behind big data learning,Broad match,None,TrendyTech Search India,Broad Match #3,1,1,100%,INR,16.78,16.78,0,0,0%,Search
big data last year question paper,Broad match,None,TrendyTech Search India,Broad Match #3,1,1,100%,INR,23.38,23.38,0,0,0%,Search
microsoft big data certification,Broad match,None,TrendyTech Search India,Broad Match #3,1,1,100%,INR,34.99,34.99,0,0,0%,Search
course content of big data,Broad match,None,TrendyTech Search India,Broad Match #3,2,1,50%,INR,29.91,29.91,0,0,0%,Search
online big data calculator,Broad match,None,TrendyTech Search India,Broad Match #3,1,1,100%,INR,24.83,24.83,0,0,0%,Search
pg diploma in big data analytics jnu,Broad match,None,TrendyTech Search India,Broad Match #3,2,1,50%,INR,24.31,24.31,0,0,0%,Search
big data online preparation,Broad match,None,TrendyTech Search India,Broad Match #3,1,1,100%,INR,35,35,0,0,0%,Search
where to learn big data,Broad match,None,TrendyTech Search India,Broad Match #3,1,1,100%,INR,31.57,31.57,0,0,0%,Search
cloudera training partner india,Broad match,None,TrendyTech Search India,Broad Match #3,1,1,100%,INR,24.45,24.45,0,0,0%,Search
india best big data analytics institute,Broad match,None,TrendyTech Search India,Broad Match #3,1,1,100%,INR,24.82,24.82,0,0,0%,Search
data engineer course in bangalore,Broad match,None,TrendyTech Search India,Broad Match #3,1,1,100%,INR,14.47,14.47,0,0,0%,Search
big data analytics tutorial,Broad match,None,TrendyTech Search India,Broad Match #3,5,3,60%,INR,24.75,74.25,0,0,0%,Search
computer data course,Broad match,None,TrendyTech Search India,Broad Match #3,1,1,100%,INR,23.88,23.88,0,0,0%,Search
spark interview questions,Broad match,None,TrendyTech Search India,Broad Match #3,1,1,100%,INR,19.94,19.94,0,0,0%,Search
big data edureka blog,Broad match,None,TrendyTech Search India,Broad Match #3,1,1,100%,INR,28.16,28.16,0,0,0%,Search
spark assignments,Broad match,None,TrendyTech Search India,Broad Match #3,0,2,--,INR,11.5,23,0,0,0%,Search
use big data to collect google search by location online course,Broad match,None,TrendyTech Search India,Broad Match #3,1,1,100%,INR,29.98,29.98,0,0,0%,Search
1ywar pg diploma in big data in south delhi,Broad match,None,TrendyTech Search India,Broad Match #3,1,1,100%,INR,24.7,24.7,0,0,0%,Search
big data online training,Broad match,None,TrendyTech Search India,Broad Match #3,1,1,100%,INR,29.86,29.86,0,0,0%,Search
hadoop per bharti college,Broad match,None,TrendyTech Search India,Broad Match #3,1,1,100%,INR,28.93,28.93,0,0,0%,Search
spark scala training with placement,Broad match,None,TrendyTech Search India,Broad Match #3,1,1,100%,INR,24.31,24.31,0,0,0%,Search
msc big data in bharathiar university,Broad match,None,TrendyTech Search India,Broad Match #3,1,1,100%,INR,34.58,34.58,0,0,0%,Search
cloudxlab review,Broad match,None,TrendyTech Search India,Broad Match #3,13,3,23.08%,INR,25.23,75.7,0,0,0%,Search
hadoop training institutes in hyderabad kphb,Broad match,None,TrendyTech Search India,Broad Match #3,1,1,100%,INR,34.58,34.58,0,0,0%,Search
hadoop oder,Broad match,None,TrendyTech Search India,Broad Match #3,1,1,100%,INR,9.18,9.18,0,0,0%,Search
best full stack developer course in india,Broad match,None,TrendyTech Search India,Broad Match #3,1,1,100%,INR,24.77,24.77,0,0,0%,Search
data related courses,Broad match,None,TrendyTech Search India,Broad Match #3,2,1,50%,INR,29.93,29.93,0,0,0%,Search
who can do big data,Broad match,None,TrendyTech Search India,Broad Match #3,1,1,100%,INR,29.7,29.7,0,0,0%,Search
big data courses in chennai,Phrase match (close variant),None,TrendyTech Search India,Broad Match #3,5,1,20%,INR,29.76,29.76,0,0,0%,Search
big data specialization,Broad match,None,TrendyTech Search India,Broad Match #3,2,1,50%,INR,34.63,34.63,0,0,0%,Search
study big data in new zealand,Broad match,None,TrendyTech Search India,Broad Match #3,0,1,--,INR,25.91,25.91,0,0,0%,Search
hadoop sql tutorial,Broad match,None,TrendyTech Search India,Broad Match #3,1,1,100%,INR,30,30,0,0,0%,Search
hadoop full course,Broad match,None,TrendyTech Search India,Broad Match #3,2,1,50%,INR,29.22,29.22,0,0,0%,Search
cca175 certification,Broad match,None,TrendyTech Search India,Broad Match #3,5,1,20%,INR,29.75,29.75,0,0,0%,Search
hadoop in tamil,Broad match,None,TrendyTech Search India,Broad Match #3,1,1,100%,INR,14.81,14.81,0,0,0%,Search
udacity course fee,Broad match,None,TrendyTech Search India,Broad Match #3,1,1,100%,INR,34.96,34.96,0,0,0%,Search
4 weeks kafka training in jaipur april 20 2020 may 13 2020 jaipur 21 april,Broad match,None,TrendyTech Search India,Broad Match #3,1,1,100%,INR,26.24,26.24,0,0,0%,Search
apache ignite online training,Broad match,None,TrendyTech Search India,Broad Match #3,1,1,100%,INR,29.94,29.94,0,0,0%,Search
big data spark tutorial with project,Broad match,None,TrendyTech Search India,Broad Match #3,1,1,100%,INR,11.55,11.55,0,0,0%,Search
hadoop learning app,Broad match,None,TrendyTech Search India,Broad Match #3,1,1,100%,INR,29.76,29.76,0,0,0%,Search
top data analyst colleges in india,Broad match,None,TrendyTech Search India,Broad Match #3,1,1,100%,INR,17.73,17.73,0,0,0%,Search
1 1 big data training,Broad match,None,TrendyTech Search India,Broad Match #3,1,1,100%,INR,24.42,24.42,0,0,0%,Search
bihar sharif bigdata cochig live,Broad match,None,TrendyTech Search India,Broad Match #3,1,1,100%,INR,10,10,0,0,0%,Search
big data tutor in bangalore,Broad match,None,TrendyTech Search India,Broad Match #3,0,1,--,INR,31.88,31.88,0,0,0%,Search
big data training providers,Broad match,None,TrendyTech Search India,Broad Match #3,1,1,100%,INR,22.95,22.95,0,0,0%,Search
hadoop classes in delhi,Broad match,None,TrendyTech Search India,Broad Match #3,1,1,100%,INR,22.84,22.84,0,0,0%,Search
java training institute in chennai,Broad match,None,TrendyTech Search India,Broad Match #3,1,1,100%,INR,24.85,24.85,0,0,0%,Search
ivy pro school,Broad match,None,TrendyTech Search India,Broad Match #3,1,1,100%,INR,29.95,29.95,0,0,0%,Search
python with big data,Broad match,None,TrendyTech Search India,Broad Match #3,3,2,66.67%,INR,22.08,44.16,0,0,0%,Search
best app for data analyst course,Broad match,None,TrendyTech Search India,Broad Match #3,1,1,100%,INR,24.21,24.21,0,0,0%,Search
big data courses in vancouver,Phrase match (close variant),None,TrendyTech Search India,Broad Match #3,1,1,100%,INR,34.46,34.46,0,0,0%,Search
subject required for big data,Broad match,None,TrendyTech Search India,Broad Match #3,1,1,100%,INR,34.97,34.97,0,0,0%,Search
trainer for big data from mumbai,Broad match,None,TrendyTech Search India,Broad Match #3,1,1,100%,INR,8.88,8.88,0,0,0%,Search
online certified for big data developer,Broad match,None,TrendyTech Search India,Broad Match #3,1,1,100%,INR,34.77,34.77,0,0,0%,Search
learn hadoop,Broad match,None,TrendyTech Search India,Broad Match #3,1,1,100%,INR,24.8,24.8,0,0,0%,Search
great online training,Broad match,None,TrendyTech Search India,Broad Match #3,26,1,3.85%,INR,24.82,24.82,0,0,0%,Search
axtria fre courses,Broad match,None,TrendyTech Search India,Broad Match #3,1,1,100%,INR,29.99,29.99,0,0,0%,Search
kelly training institute in hyderabad,Broad match,None,TrendyTech Search India,Broad Match #3,1,1,100%,INR,29.63,29.63,0,0,0%,Search
hadoop architecture,Broad match,None,TrendyTech Search India,Broad Match #3,1,1,100%,INR,26.59,26.59,0,0,0%,Search
types of big data,Broad match,None,TrendyTech Search India,Broad Match #3,2,1,50%,INR,34.95,34.95,0,0,0%,Search
iit big data course,Broad match,None,TrendyTech Search India,Broad Match #3,2,1,50%,INR,32.98,32.98,0,0,0%,Search
learn big data,Broad match,None,TrendyTech Search India,Broad Match #3,19,3,15.79%,INR,21.64,64.92,0,0,0%,Search
npntraining,Broad match,None,TrendyTech Search India,Broad Match #3,1,1,100%,INR,31.4,31.4,0,0,0%,Search
data flair training,Broad match,None,TrendyTech Search India,Broad Match #3,7,4,57.14%,INR,17.78,71.1,0,0,0%,Search
red hat big data certification,Broad match,None,TrendyTech Search India,Broad Match #3,1,1,100%,INR,34.68,34.68,0,0,0%,Search
hadoop coursera,Broad match,None,TrendyTech Search India,Broad Match #3,2,2,100%,INR,21.05,42.09,0,0,0%,Search
big data syllabus,Broad match,None,TrendyTech Search India,Broad Match #3,7,2,28.57%,INR,29.77,59.54,0,0,0%,Search
big data spark training in bangalore,Broad match,None,TrendyTech Search India,Broad Match #3,1,1,100%,INR,8.9,8.9,0,0,0%,Search
scd big data,Broad match,None,TrendyTech Search India,Broad Match #3,1,1,100%,INR,24.82,24.82,0,0,0%,Search
cognative classes,Broad match,None,TrendyTech Search India,Broad Match #3,1,1,100%,INR,34.59,34.59,0,0,0%,Search
ca coursedata,Broad match,None,TrendyTech Search India,Broad Match #3,1,1,100%,INR,34.96,34.96,0,0,0%,Search
big data courses microsoft online,Broad match,None,TrendyTech Search India,Broad Match #3,1,1,100%,INR,24.98,24.98,0,0,0%,Search
big data training in btm layout,Phrase match,None,TrendyTech Search India,Broad Match #3,3,1,33.33%,INR,4.08,4.08,0,0,0%,Search
is iit degree important for big data engineering,Broad match,None,TrendyTech Search India,Broad Match #3,1,1,100%,INR,26.83,26.83,0,0,0%,Search
data engineer training bangalore,Broad match,None,TrendyTech Search India,Broad Match #3,3,3,100%,INR,18.97,56.92,0,0,0%,Search
bigdata courses affiliations,Broad match,None,TrendyTech Search India,Broad Match #3,1,1,100%,INR,30,30,0,0,0%,Search
dataflair,Broad match,None,TrendyTech Search India,Broad Match #3,62,12,19.35%,INR,27.71,332.55,0,0,0%,Search
hue hadoop tutorial,Broad match,None,TrendyTech Search India,Broad Match #3,1,1,100%,INR,19.21,19.21,0,0,0%,Search
birla institute of technology big data,Broad match,None,TrendyTech Search India,Broad Match #3,1,1,100%,INR,29.83,29.83,0,0,0%,Search
you need to import a portion of a relational database every day as files to hdfs and generate java classes to interact with your,Broad match,None,TrendyTech Search India,Broad Match #3,3,2,66.67%,INR,23.94,47.87,0,0,0%,Search
gemology course in bangalore,Broad match,None,TrendyTech Search India,Broad Match #3,1,1,100%,INR,10.37,10.37,0,0,0%,Search
data e learning,Broad match,Excluded,TrendyTech Search India,Broad Match #3,1,1,100%,INR,19.95,19.95,0,0,0%,Search
great learning big data,Broad match,None,TrendyTech Search India,Broad Match #3,2,1,50%,INR,10.66,10.66,0,0,0%,Search
big data,Broad match,None,TrendyTech Search India,Broad Match #3,39,6,15.38%,INR,27.22,163.31,0,0,0%,Search
could hadoop certification cost,Broad match,None,TrendyTech Search India,Broad Match #3,1,1,100%,INR,34.56,34.56,0,0,0%,Search
top most big data hadoop online training institution in india,Broad match,None,TrendyTech Search India,Broad Match #3,1,1,100%,INR,34.92,34.92,0,0,0%,Search
deta anyaless course in kolhapur,Broad match,None,TrendyTech Search India,Broad Match #3,1,1,100%,INR,24.54,24.54,0,0,0%,Search
learnbay big data,Broad match,None,TrendyTech Search India,Broad Match #3,1,1,100%,INR,29.81,29.81,0,0,0%,Search
big data course in europe,Phrase match,None,TrendyTech Search India,Broad Match #3,1,1,100%,INR,34.59,34.59,0,0,0%,Search
spark scala,Exact match (close variant),None,TrendyTech Search India,Broad Match #3,2,2,100%,INR,4.49,8.98,0,0,0%,Search
hadoop by sathish yellanki,Broad match,None,TrendyTech Search India,Broad Match #3,2,1,50%,INR,24.39,24.39,0,0,0%,Search
hadoop big data,Broad match,None,TrendyTech Search India,Broad Match #3,1,1,100%,INR,29.99,29.99,0,0,0%,Search
a big driver of big data projects in banks continuous to be,Broad match,None,TrendyTech Search India,Broad Match #3,1,1,100%,INR,23.91,23.91,0,0,0%,Search
big data engineer training colleges,Broad match,None,TrendyTech Search India,Broad Match #3,1,1,100%,INR,23.14,23.14,0,0,0%,Search
big data online course center in bangalore,Broad match,None,TrendyTech Search India,Broad Match #3,1,2,200%,INR,3.93,7.86,0,0,0%,Search
eureka big data,Broad match,None,TrendyTech Search India,Broad Match #3,1,1,100%,INR,27.04,27.04,0,0,0%,Search
best data analytics courses in bangalore,Broad match,None,TrendyTech Search India,Broad Match #3,3,3,100%,INR,26.22,78.67,0,0,0%,Search
excelr big data,Broad match,None,TrendyTech Search India,Broad Match #3,1,1,100%,INR,24.92,24.92,0,0,0%,Search
hadoop cluster setup,Broad match,None,TrendyTech Search India,Broad Match #3,1,2,200%,INR,21.36,42.72,0,0,0%,Search
best big data training in india,Broad match,None,TrendyTech Search India,Broad Match #3,1,1,100%,INR,24.92,24.92,0,0,0%,Search
big data engineering using python,Broad match,None,TrendyTech Search India,Broad Match #3,1,1,100%,INR,22.35,22.35,0,0,0%,Search
data analytics courses in trivandrum,Broad match,None,TrendyTech Search India,Broad Match #3,3,1,33.33%,INR,29.83,29.83,0,0,0%,Search
hadoop training in pune,Broad match,None,TrendyTech Search India,Broad Match #3,1,1,100%,INR,20.82,20.82,0,0,0%,Search
bangalore kr puram hadoop institute,Broad match,None,TrendyTech Search India,Broad Match #3,1,1,100%,INR,27.92,27.92,0,0,0%,Search
best big data hadoop tutorial,Broad match,None,TrendyTech Search India,Broad Match #3,1,1,100%,INR,24.91,24.91,0,0,0%,Search
distance education in data analytics,Broad match,None,TrendyTech Search India,Broad Match #3,2,1,50%,INR,23.9,23.9,0,0,0%,Search
algorithm big data,Broad match,None,TrendyTech Search India,Broad Match #3,1,1,100%,INR,16.44,16.44,0,0,0%,Search
data training ke liye laptop,Broad match,None,TrendyTech Search India,Broad Match #3,1,1,100%,INR,21.3,21.3,0,0,0%,Search
apache spark and scala,Broad match,None,TrendyTech Search India,Broad Match #3,1,1,100%,INR,24.49,24.49,0,0,0%,Search
big data hadoop training,Broad match,None,TrendyTech Search India,Broad Match #3,1,1,100%,INR,28.02,28.02,0,0,0%,Search
online upgrad bigdata course,Broad match,None,TrendyTech Search India,Broad Match #3,1,1,100%,INR,24.57,24.57,0,0,0%,Search
data strategy course online,Broad match,None,TrendyTech Search India,Broad Match #3,1,1,100%,INR,34.85,34.85,0,0,0%,Search
intellipaat review,Broad match,None,TrendyTech Search India,Broad Match #3,2,1,50%,INR,18.45,18.45,0,0,0%,Search
data analyst course in hindi,Broad match,None,TrendyTech Search India,Broad Match #3,2,1,50%,INR,23.79,23.79,0,0,0%,Search
big data training in kharadi pune,Phrase match,None,TrendyTech Search India,Broad Match #3,1,1,100%,INR,22.71,22.71,0,0,0%,Search
msc big data uk,Broad match,None,TrendyTech Search India,Broad Match #3,1,1,100%,INR,34.99,34.99,0,0,0%,Search
intelipatt trainin fees courses,Broad match,None,TrendyTech Search India,Broad Match #3,1,2,200%,INR,33.56,67.12,0,0,0%,Search
hive and impala training in hyderabad,Broad match,None,TrendyTech Search India,Broad Match #3,1,1,100%,INR,24.17,24.17,0,0,0%,Search
big data training institute in btm layout,Phrase match,None,TrendyTech Search India,Broad Match #3,1,1,100%,INR,29.94,29.94,0,0,0%,Search
big data course in patna iit,Broad match,None,TrendyTech Search India,Broad Match #3,1,1,100%,INR,34.2,34.2,0,0,0%,Search
www acadgild com,Broad match,None,TrendyTech Search India,Broad Match #3,1,1,100%,INR,10.21,10.21,0,0,0%,Search
online big data technology course by iit,Broad match,None,TrendyTech Search India,Broad Match #3,1,1,100%,INR,34.54,34.54,0,0,0%,Search
technogeeks pune reviews,Broad match,None,TrendyTech Search India,Broad Match #3,2,1,50%,INR,29.67,29.67,0,0,0%,Search
big data java,Broad match,Excluded,TrendyTech Search India,Broad Match #3,1,1,100%,INR,15.59,15.59,0,0,0%,Search
sqoop certification,Broad match,None,TrendyTech Search India,Broad Match #3,1,1,100%,INR,24.36,24.36,0,0,0%,Search
big data classroom training and placement in hyderabad,Broad match,None,TrendyTech Search India,Broad Match #3,1,1,100%,INR,21.44,21.44,0,0,0%,Search
largest players in analytics coaching in bangalore,Broad match,None,TrendyTech Search India,Broad Match #3,3,1,33.33%,INR,24.87,24.87,0,0,0%,Search
big data tutorials for beginners,Broad match,None,TrendyTech Search India,Broad Match #3,1,1,100%,INR,28.02,28.02,0,0,0%,Search
from where we start to learn big data,Broad match,None,TrendyTech Search India,Broad Match #3,1,1,100%,INR,24.92,24.92,0,0,0%,Search
nit rourkela big data course,Broad match,None,TrendyTech Search India,Broad Match #3,1,1,100%,INR,26.43,26.43,0,0,0%,Search
hortonworks big data courses,Broad match,None,TrendyTech Search India,Broad Match #3,1,1,100%,INR,24.65,24.65,0,0,0%,Search
big data course content,Phrase match (close variant),None,TrendyTech Search India,Broad Match #3,1,1,100%,INR,34.08,34.08,0,0,0%,Search
big data apache spark tutorial,Broad match,None,TrendyTech Search India,Broad Match #3,1,1,100%,INR,34.6,34.6,0,0,0%,Search
intelipat,Broad match,None,TrendyTech Search India,Broad Match #3,1,1,100%,INR,24.25,24.25,0,0,0%,Search
spark basics,Broad match,None,TrendyTech Search India,Broad Match #3,1,1,100%,INR,34.75,34.75,0,0,0%,Search
big data course fees in chennai,Broad match,None,TrendyTech Search India,Broad Match #3,2,2,100%,INR,21.11,42.21,0,0,0%,Search
hadoop institute in marathahalli bangalore,Broad match,None,TrendyTech Search India,Broad Match #3,1,1,100%,INR,4.96,4.96,0,0,0%,Search
hadoop material,Broad match,None,TrendyTech Search India,Broad Match #3,1,1,100%,INR,24.87,24.87,0,0,0%,Search
bigdata on aws,Broad match,None,TrendyTech Search India,Broad Match #3,1,1,100%,INR,24.99,24.99,0,0,0%,Search
cost of mind course jigsaw academy in chennai,Broad match,None,TrendyTech Search India,Broad Match #3,1,1,100%,INR,29.82,29.82,0,0,0%,Search
software training uk,Broad match,None,TrendyTech Search India,Broad Match #3,1,1,100%,INR,30,30,0,0,0%,Search
spark training in ameerpet,Broad match,None,TrendyTech Search India,Broad Match #3,1,1,100%,INR,34.57,34.57,0,0,0%,Search
cloudxlab course,Broad match,None,TrendyTech Search India,Broad Match #3,4,3,75%,INR,30.74,92.23,0,0,0%,Search
edureka bigdata hadoop reviews,Broad match,None,TrendyTech Search India,Broad Match #3,1,2,200%,INR,34.36,68.72,0,0,0%,Search
big data course in chennai,Broad match,None,TrendyTech Search India,Broad Match #3,4,2,50%,INR,30.34,60.68,0,0,0%,Search
python training in chennai,Broad match,None,TrendyTech Search India,Broad Match #3,1,1,100%,INR,34.87,34.87,0,0,0%,Search
big data course in bangalore,Broad match,None,TrendyTech Search India,Broad Match #3,1,1,100%,INR,10.25,10.25,0,0,0%,Search
big data university ibm,Broad match,None,TrendyTech Search India,Broad Match #3,1,1,100%,INR,35,35,0,0,0%,Search
cloudx lab,Broad match,None,TrendyTech Search India,Broad Match #3,1,1,100%,INR,29.51,29.51,0,0,0%,Search
masters in bigdata,Broad match,None,TrendyTech Search India,Broad Match #3,1,1,100%,INR,34.93,34.93,0,0,0%,Search
data engineer training in uppal hyderabad,Broad match,None,TrendyTech Search India,Broad Match #3,1,1,100%,INR,28.36,28.36,0,0,0%,Search
datafalir,Broad match,None,TrendyTech Search India,Broad Match #3,1,1,100%,INR,29.78,29.78,0,0,0%,Search
edureka credentials,Broad match,None,TrendyTech Search India,Broad Match #3,1,1,100%,INR,29.25,29.25,0,0,0%,Search
data engineer online training,Broad match,None,TrendyTech Search India,Broad Match #3,1,1,100%,INR,34.87,34.87,0,0,0%,Search
big data coaching in bangalore,Broad match,None,TrendyTech Search India,Broad Match #3,2,2,100%,INR,27.62,55.24,0,0,0%,Search
overview of microsoft big data cluster,Broad match,None,TrendyTech Search India,Broad Match #3,1,2,200%,INR,29.38,58.76,0,0,0%,Search
congnitive class ibm,Broad match,None,TrendyTech Search India,Broad Match #3,1,1,100%,INR,23.58,23.58,0,0,0%,Search
end to end training apache spark,Broad match,None,TrendyTech Search India,Broad Match #3,1,1,100%,INR,34.27,34.27,0,0,0%,Search
kya eligibility chahie msc data ke liye,Broad match,None,TrendyTech Search India,Broad Match #3,1,1,100%,INR,29.17,29.17,0,0,0%,Search
big data coaching centre bihar sharif,Broad match,None,TrendyTech Search India,Broad Match #3,1,1,100%,INR,21.52,21.52,0,0,0%,Search
information about jigsaw academy in bangalore,Broad match,None,TrendyTech Search India,Broad Match #3,1,2,200%,INR,24.66,49.32,0,0,0%,Search
inceptez technologies,Broad match,None,TrendyTech Search India,Broad Match #3,3,1,33.33%,INR,21.8,21.8,0,0,0%,Search
vtu online e learning big data analytics,Broad match,None,TrendyTech Search India,Broad Match #3,1,1,100%,INR,24.95,24.95,0,0,0%,Search
qualification to learn haarop software,Broad match,None,TrendyTech Search India,Broad Match #3,1,1,100%,INR,18.38,18.38,0,0,0%,Search
latest necessary courses for career similar to big data,Broad match,None,TrendyTech Search India,Broad Match #3,1,1,100%,INR,23.99,23.99,0,0,0%,Search
ibm big data architect certification,Broad match,None,TrendyTech Search India,Broad Match #3,1,1,100%,INR,30,30,0,0,0%,Search
big data technologies,Broad match,None,TrendyTech Search India,Broad Match #3,3,1,33.33%,INR,24.9,24.9,0,0,0%,Search
paras provision course data,Broad match,None,TrendyTech Search India,Broad Match #3,1,1,100%,INR,24.67,24.67,0,0,0%,Search
data lake training,Broad match,None,TrendyTech Search India,Broad Match #3,2,1,50%,INR,24.51,24.51,0,0,0%,Search
data lakes online course,Broad match,None,TrendyTech Search India,Broad Match #3,1,1,100%,INR,19.95,19.95,0,0,0%,Search
big data career,Broad match,None,TrendyTech Search India,Broad Match #3,1,1,100%,INR,33.03,33.03,0,0,0%,Search
big data online courses in tamil for beginners,Broad match,None,TrendyTech Search India,Broad Match #3,0,1,--,INR,29.95,29.95,0,0,0%,Search
big data and hadoop jobs,Broad match,None,TrendyTech Search India,Broad Match #3,1,1,100%,INR,23.51,23.51,0,0,0%,Search
big data architect course,Broad match,None,TrendyTech Search India,Broad Match #3,2,1,50%,INR,24.89,24.89,0,0,0%,Search
data analyst course,Broad match,None,TrendyTech Search India,Broad Match #3,4,1,25%,INR,24.58,24.58,0,0,0%,Search
hadoop projects online training in hyderabad,Broad match,None,TrendyTech Search India,Broad Match #3,1,1,100%,INR,24.84,24.84,0,0,0%,Search
real life big data projects,Broad match,None,TrendyTech Search India,Broad Match #3,1,1,100%,INR,28.99,28.99,0,0,0%,Search
big ata data analyst ayllabus,Broad match,None,TrendyTech Search India,Broad Match #3,1,1,100%,INR,24.38,24.38,0,0,0%,Search
intellipaat bigdata trainers,Broad match,None,TrendyTech Search India,Broad Match #3,1,1,100%,INR,31.46,31.46,0,0,0%,Search
big data certification in canada,Broad match,None,TrendyTech Search India,Broad Match #3,3,1,33.33%,INR,29.81,29.81,0,0,0%,Search
big data analytics greatlearing,Broad match,None,TrendyTech Search India,Broad Match #3,1,1,100%,INR,34.84,34.84,0,0,0%,Search
hadoop training near me,Broad match,None,TrendyTech Search India,Broad Match #3,1,1,100%,INR,7.55,7.55,0,0,0%,Search
hadoop developer,Broad match,None,TrendyTech Search India,Broad Match #3,9,2,22.22%,INR,24.62,49.24,0,0,0%,Search
learn big data from scratch,Broad match,None,TrendyTech Search India,Broad Match #3,1,1,100%,INR,29.89,29.89,0,0,0%,Search
data analyst online course from international college,Broad match,None,TrendyTech Search India,Broad Match #3,1,1,100%,INR,24.64,24.64,0,0,0%,Search
nmims big data analytics,Broad match,None,TrendyTech Search India,Broad Match #3,1,1,100%,INR,29.84,29.84,0,0,0%,Search
best big data training institutes in hyderabad,Broad match,None,TrendyTech Search India,Broad Match #3,2,1,50%,INR,35,35,0,0,0%,Search
bigdataphysicsclasses,Broad match,None,TrendyTech Search India,Broad Match #3,5,3,60%,INR,21.1,63.29,0,0,0%,Search
big data training centres in hyderabad,Broad match,None,TrendyTech Search India,Broad Match #3,1,1,100%,INR,24.74,24.74,0,0,0%,Search
big data hadoop sample code,Broad match,None,TrendyTech Search India,Broad Match #3,1,1,100%,INR,29.76,29.76,0,0,0%,Search
edureka,Broad match,None,TrendyTech Search India,Broad Match #3,2,1,50%,INR,23.64,23.64,0,0,0%,Search
data engineering course in delhi,Broad match,None,TrendyTech Search India,Broad Match #3,1,1,100%,INR,24.48,24.48,0,0,0%,Search
hadoop courses in bangalore,Broad match,None,TrendyTech Search India,Broad Match #3,1,1,100%,INR,8.9,8.9,0,0,0%,Search
study big data online,Broad match,None,TrendyTech Search India,Broad Match #3,1,1,100%,INR,29.11,29.11,0,0,0%,Search
big data course institute with 100 placements,Phrase match,None,TrendyTech Search India,Broad Match #3,1,1,100%,INR,29.77,29.77,0,0,0%,Search
best hadoop faculty for hadoop online,Broad match,None,TrendyTech Search India,Broad Match #3,1,2,200%,INR,12.7,25.4,0,0,0%,Search
spark training by expert,Broad match,None,TrendyTech Search India,Broad Match #3,1,1,100%,INR,33.8,33.8,0,0,0%,Search
big data live projects,Broad match,None,TrendyTech Search India,Broad Match #3,1,1,100%,INR,19.99,19.99,0,0,0%,Search
online courses data providers,Broad match,None,TrendyTech Search India,Broad Match #3,1,1,100%,INR,29.94,29.94,0,0,0%,Search
i am not it backgroud willing to career in big data,Broad match,None,TrendyTech Search India,Broad Match #3,1,1,100%,INR,28.57,28.57,0,0,0%,Search
power bi course in chennai,Broad match,None,TrendyTech Search India,Broad Match #3,1,1,100%,INR,29.42,29.42,0,0,0%,Search
gcp data engineering trainjng hyderabad,Broad match,None,TrendyTech Search India,Broad Match #3,1,1,100%,INR,22.96,22.96,0,0,0%,Search
big data intoduction course,Broad match,None,TrendyTech Search India,Broad Match #3,1,1,100%,INR,34.04,34.04,0,0,0%,Search
data flair,Broad match,Excluded,TrendyTech Search India,Broad Match #3,1,1,100%,INR,24.99,24.99,0,0,0%,Search
big data training in chennai,Phrase match,None,TrendyTech Search India,Broad Match #3,2,0,0%,INR,--,0,0,0,0%,Search
big data course duration,Broad match,None,TrendyTech Search India,Broad Match #3,1,1,100%,INR,25.91,25.91,0,0,0%,Search
big data online training in bangalore,Broad match,None,TrendyTech Search India,Broad Match #3,1,1,100%,INR,24.89,24.89,0,0,0%,Search
data engineering courses,Broad match,None,TrendyTech Search India,Broad Match #3,59,3,5.08%,INR,29.66,88.99,0,0,0%,Search
go data training,Broad match,None,TrendyTech Search India,Broad Match #3,7,3,42.86%,INR,16.31,48.94,0,0,0%,Search
sql online training,Broad match,None,TrendyTech Search India,Broad Match #3,0,1,--,INR,35,35,0,0,0%,Search
big data hadoop certification training edureka,Broad match,None,TrendyTech Search India,Broad Match #3,1,1,100%,INR,29.97,29.97,0,0,0%,Search
best institute to learn hadoop,Broad match,None,TrendyTech Search India,Broad Match #3,1,1,100%,INR,24.79,24.79,0,0,0%,Search
udacity big data program,Broad match,None,TrendyTech Search India,Broad Match #3,1,1,100%,INR,34.77,34.77,0,0,0%,Search
best online site for big data,Broad match,None,TrendyTech Search India,Broad Match #3,1,1,100%,INR,29.84,29.84,0,0,0%,Search
data analyst course in lucknow,Broad match,None,TrendyTech Search India,Broad Match #3,2,1,50%,INR,34.6,34.6,0,0,0%,Search
just below the big data analytics,Broad match,None,TrendyTech Search India,Broad Match #3,1,1,100%,INR,22.4,22.4,0,0,0%,Search
data analysis courses for mba students,Broad match,None,TrendyTech Search India,Broad Match #3,1,1,100%,INR,34.84,34.84,0,0,0%,Search
big data coursera module 1,Broad match,None,TrendyTech Search India,Broad Match #3,1,1,100%,INR,26.73,26.73,0,0,0%,Search
edureka chennai,Broad match,None,TrendyTech Search India,Broad Match #3,4,1,25%,INR,23.75,23.75,0,0,0%,Search
best data training with placement,Broad match,None,TrendyTech Search India,Broad Match #3,2,2,100%,INR,16.1,32.19,0,0,0%,Search
cca 175 certification,Broad match,None,TrendyTech Search India,Broad Match #3,2,2,100%,INR,31.31,62.61,0,0,0%,Search
big data courses,Broad match,None,TrendyTech Search India,Broad Match #3,9,4,44.44%,INR,25.78,103.13,0,0,0%,Search
mapreduce application classpath,Broad match,None,TrendyTech Search India,Broad Match #3,1,1,100%,INR,34.99,34.99,0,0,0%,Search
time required to learn big data,Broad match,None,TrendyTech Search India,Broad Match #3,1,1,100%,INR,24.29,24.29,0,0,0%,Search
queries used in spark,Broad match,None,TrendyTech Search India,Broad Match #3,1,1,100%,INR,19.97,19.97,0,0,0%,Search
big data and hadoop development cource,Broad match,None,TrendyTech Search India,Broad Match #3,1,1,100%,INR,24.71,24.71,0,0,0%,Search
data crunching course,Broad match,None,TrendyTech Search India,Broad Match #3,3,1,33.33%,INR,33.27,33.27,0,0,0%,Search
big data course which places in coimbatore,Phrase match,None,TrendyTech Search India,Broad Match #3,2,2,100%,INR,24.51,49.02,0,0,0%,Search
unacademy big data course,Phrase match,None,TrendyTech Search India,Broad Match #3,1,1,100%,INR,25.79,25.79,0,0,0%,Search
big data training in bangalore,Broad match,None,TrendyTech Search India,Broad Match #3,2,2,100%,INR,25,50,0,0,0%,Search
apache spark applications,Broad match,None,TrendyTech Search India,Broad Match #3,1,1,100%,INR,19.89,19.89,0,0,0%,Search
big data in bits pilani,Broad match,None,TrendyTech Search India,Broad Match #3,1,1,100%,INR,24.25,24.25,0,0,0%,Search
spark scala large projects github,Broad match,None,TrendyTech Search India,Broad Match #3,1,1,100%,INR,19.16,19.16,0,0,0%,Search
content of big data,Broad match,None,TrendyTech Search India,Broad Match #3,1,1,100%,INR,29.27,29.27,0,0,0%,Search
big data master simplilearn,Broad match,None,TrendyTech Search India,Broad Match #3,1,1,100%,INR,29.57,29.57,0,0,0%,Search
edupristine big data course fees,Phrase match,None,TrendyTech Search India,Broad Match #3,1,1,100%,INR,30,30,0,0,0%,Search
data analytics online courses in tamilnadu,Broad match,None,TrendyTech Search India,Broad Match #3,0,1,--,INR,29.59,29.59,0,0,0%,Search
what is big data hadoop,Broad match,None,TrendyTech Search India,Broad Match #3,3,1,33.33%,INR,34.85,34.85,0,0,0%,Search
data course for teachers,Broad match,None,TrendyTech Search India,Broad Match #3,2,1,50%,INR,28.87,28.87,0,0,0%,Search
big data intership in hydrabad,Broad match,None,TrendyTech Search India,Broad Match #3,4,1,25%,INR,25.58,25.58,0,0,0%,Search
data analytics course in bangalore,Broad match,None,TrendyTech Search India,Broad Match #3,1,1,100%,INR,19.81,19.81,0,0,0%,Search
ameerpet big data training,Broad match,None,TrendyTech Search India,Broad Match #3,1,1,100%,INR,27.23,27.23,0,0,0%,Search
python training in noida,Broad match,None,TrendyTech Search India,Broad Match #3,1,1,100%,INR,29.01,29.01,0,0,0%,Search
hadoop training course content,Broad match,None,TrendyTech Search India,Broad Match #3,1,1,100%,INR,24.86,24.86,0,0,0%,Search
best institute for bigdata in bangalore,Broad match,None,TrendyTech Search India,Broad Match #3,1,2,200%,INR,12.16,24.32,0,0,0%,Search
big data courses in hyderabad online,Broad match,None,TrendyTech Search India,Broad Match #3,1,1,100%,INR,29.55,29.55,0,0,0%,Search
big data latest updates,Broad match,None,TrendyTech Search India,Broad Match #3,1,1,100%,INR,23.63,23.63,0,0,0%,Search
big data hadoop cheat sheet,Broad match,None,TrendyTech Search India,Broad Match #3,1,1,100%,INR,24.98,24.98,0,0,0%,Search
big data bootcamp,Broad match,None,TrendyTech Search India,Broad Match #3,2,1,50%,INR,24.69,24.69,0,0,0%,Search
prwatech,Broad match,Excluded,TrendyTech Search India,Broad Match #3,3,1,33.33%,INR,24.76,24.76,0,0,0%,Search
hadoop complete tutorial,Broad match,None,TrendyTech Search India,Broad Match #3,1,1,100%,INR,34.76,34.76,0,0,0%,Search
data engineering course,Broad match,None,TrendyTech Search India,Broad Match #3,2,1,50%,INR,19.93,19.93,0,0,0%,Search
hadoop course fees in pune,Broad match,None,TrendyTech Search India,Broad Match #3,1,1,100%,INR,34.51,34.51,0,0,0%,Search
edureka tranning list,Broad match,None,TrendyTech Search India,Broad Match #3,1,1,100%,INR,34.02,34.02,0,0,0%,Search
pg in big data,Broad match,None,TrendyTech Search India,Broad Match #3,2,1,50%,INR,24.96,24.96,0,0,0%,Search
bits pilani pg program in big data engineering,Broad match,None,TrendyTech Search India,Broad Match #3,1,1,100%,INR,29,29,0,0,0%,Search
best big data certification for testers,Broad match,None,TrendyTech Search India,Broad Match #3,1,1,100%,INR,19.18,19.18,0,0,0%,Search
zaloni hadoop training,Broad match,None,TrendyTech Search India,Broad Match #3,1,1,100%,INR,29.45,29.45,0,0,0%,Search
can store very large amounts of data class 2,Broad match,None,TrendyTech Search India,Broad Match #3,1,1,100%,INR,17.38,17.38,0,0,0%,Search
java data anlyst course fees in delhi,Broad match,None,TrendyTech Search India,Broad Match #3,1,1,100%,INR,34.21,34.21,0,0,0%,Search
hadoop classes in pune,Phrase match,None,TrendyTech Search India,Broad Match #3,1,1,100%,INR,28.36,28.36,0,0,0%,Search
data entrycomputer course in rajouri garden and there fee,Broad match,None,TrendyTech Search India,Broad Match #3,1,1,100%,INR,18.85,18.85,0,0,0%,Search
https data flair training blogs image processing with scipy and numpy,Broad match,None,TrendyTech Search India,Broad Match #3,2,1,50%,INR,29.83,29.83,0,0,0%,Search
data analytics master program,Broad match,None,TrendyTech Search India,Broad Match #3,1,1,100%,INR,29.25,29.25,0,0,0%,Search
itversity big data,Broad match,None,TrendyTech Search India,Broad Match #3,1,1,100%,INR,26.22,26.22,0,0,0%,Search
online hadoop,Broad match,None,TrendyTech Search India,Broad Match #3,1,1,100%,INR,34.99,34.99,0,0,0%,Search
hadoop tutorial,Broad match,None,TrendyTech Search India,Broad Match #3,306,25,8.17%,INR,26.58,664.62,0,0,0%,Search
loading data from oracle in spark 2.4,Broad match,None,TrendyTech Search India,Broad Match #3,2,1,50%,INR,20,20,0,0,0%,Search
cloudxlab reviews,Broad match,None,TrendyTech Search India,Broad Match #3,2,1,50%,INR,29.72,29.72,0,0,0%,Search
intellepat,Broad match,None,TrendyTech Search India,Broad Match #3,1,1,100%,INR,24.98,24.98,0,0,0%,Search
best course institute in bangalore,Broad match,None,TrendyTech Search India,Broad Match #3,2,1,50%,INR,6.41,6.41,0,0,0%,Search
big data course near btm layout,Broad match,None,TrendyTech Search India,Broad Match #3,1,1,100%,INR,7.59,7.59,0,0,0%,Search
data yraining image,Broad match,None,TrendyTech Search India,Broad Match #3,1,1,100%,INR,28.64,28.64,0,0,0%,Search
big data hadoop online training in hyderabad,Broad match,None,TrendyTech Search India,Broad Match #3,2,2,100%,INR,30.75,61.5,0,0,0%,Search
analytics diploma course in kolkata in lower course fees,Broad match,None,TrendyTech Search India,Broad Match #3,1,1,100%,INR,19.19,19.19,0,0,0%,Search
big data computing full course,Broad match,None,TrendyTech Search India,Broad Match #3,1,1,100%,INR,29.99,29.99,0,0,0%,Search
prwatech pune,Broad match,None,TrendyTech Search India,Broad Match #3,1,1,100%,INR,24.06,24.06,0,0,0%,Search
hadoop training centers in madhapur hyderabad,Phrase match,None,TrendyTech Search India,Broad Match #3,1,1,100%,INR,24.74,24.74,0,0,0%,Search
data courses,Broad match,Excluded,TrendyTech Search India,Broad Match #3,1,1,100%,INR,19.94,19.94,0,0,0%,Search
hadoop course fees 2020,Broad match,None,TrendyTech Search India,Broad Match #3,1,1,100%,INR,19.82,19.82,0,0,0%,Search
hadoop course details,Broad match,None,TrendyTech Search India,Broad Match #3,1,1,100%,INR,33.97,33.97,0,0,0%,Search
acadglid,Broad match,None,TrendyTech Search India,Broad Match #3,1,1,100%,INR,34.06,34.06,0,0,0%,Search
spark big data tutorial,Broad match,None,TrendyTech Search India,Broad Match #3,1,1,100%,INR,34.85,34.85,0,0,0%,Search
feedback for attending an online workshop on data analytics,Broad match,None,TrendyTech Search India,Broad Match #3,1,1,100%,INR,24.54,24.54,0,0,0%,Search
bits pilani big data pg program review,Broad match,None,TrendyTech Search India,Broad Match #3,1,1,100%,INR,28.57,28.57,0,0,0%,Search
docker and kubernetes training in hyderabad,Broad match,None,TrendyTech Search India,Broad Match #3,4,2,50%,INR,32.47,64.94,0,0,0%,Search
peer graded assignment coursera big data,Broad match,None,TrendyTech Search India,Broad Match #3,1,1,100%,INR,33.05,33.05,0,0,0%,Search
training radicaltechnologies co in,Broad match,None,TrendyTech Search India,Broad Match #3,1,1,100%,INR,34.57,34.57,0,0,0%,Search
mongo db training in hyderabad,Broad match,None,TrendyTech Search India,Broad Match #3,1,1,100%,INR,27.83,27.83,0,0,0%,Search
programs to learn for data analytics,Broad match,None,TrendyTech Search India,Broad Match #3,1,1,100%,INR,24.63,24.63,0,0,0%,Search
spark sql tutorial,Broad match,None,TrendyTech Search India,Broad Match #3,1,1,100%,INR,15.52,15.52,0,0,0%,Search
big data engineer,Broad match,None,TrendyTech Search India,Broad Match #3,4,1,25%,INR,21.57,21.57,0,0,0%,Search
hadoop hands on lab,Broad match,None,TrendyTech Search India,Broad Match #3,1,1,100%,INR,23.3,23.3,0,0,0%,Search
trending big data courses,Broad match,None,TrendyTech Search India,Broad Match #3,1,1,100%,INR,21.78,21.78,0,0,0%,Search
spark training costs in bangalore,Broad match,None,TrendyTech Search India,Broad Match #3,1,1,100%,INR,23.09,23.09,0,0,0%,Search
course conitive class certificate,Broad match,None,TrendyTech Search India,Broad Match #3,1,2,200%,INR,34.9,69.8,0,0,0%,Search
simplilearn big data course,Broad match,None,TrendyTech Search India,Broad Match #3,1,1,100%,INR,34.99,34.99,0,0,0%,Search
big data iit roorkee costing,Broad match,None,TrendyTech Search India,Broad Match #3,1,1,100%,INR,33.76,33.76,0,0,0%,Search
intellipaat com,Broad match,None,TrendyTech Search India,Broad Match #3,13,4,30.77%,INR,23.61,94.43,0,0,0%,Search
big data hadoop interview questions,Broad match,None,TrendyTech Search India,Broad Match #3,1,1,100%,INR,14.51,14.51,0,0,0%,Search
cognativeclasses,Broad match,None,TrendyTech Search India,Broad Match #3,2,1,50%,INR,29.12,29.12,0,0,0%,Search
big data architect skills,Broad match,None,TrendyTech Search India,Broad Match #3,1,1,100%,INR,24.67,24.67,0,0,0%,Search
cloud big data hyderabad,Broad match,None,TrendyTech Search India,Broad Match #3,1,1,100%,INR,28.19,28.19,0,0,0%,Search
big data course bangalore,Phrase match,None,TrendyTech Search India,Broad Match #3,1,1,100%,INR,32.92,32.92,0,0,0%,Search
big data jobs for freshers,Broad match,None,TrendyTech Search India,Broad Match #3,1,1,100%,INR,24.76,24.76,0,0,0%,Search
big 4 certificate course,Broad match,None,TrendyTech Search India,Broad Match #3,1,1,100%,INR,25,25,0,0,0%,Search
intellipaat,Broad match,None,TrendyTech Search India,Broad Match #3,1681,63,3.75%,INR,27.05,1704.43,0,0,0%,Search
big data foundation,Broad match,None,TrendyTech Search India,Broad Match #3,6,3,50%,INR,27.24,81.73,0,0,0%,Search
big data pg program,Broad match,None,TrendyTech Search India,Broad Match #3,1,1,100%,INR,29.46,29.46,0,0,0%,Search
bihar sharif big data physics class 12,Broad match,None,TrendyTech Search India,Broad Match #3,1,1,100%,INR,15.12,15.12,0,0,0%,Search
big data online courses in india,Broad match,None,TrendyTech Search India,Broad Match #3,3,2,66.67%,INR,29.84,59.67,0,0,0%,Search
online courses in data storage with fee,Broad match,None,TrendyTech Search India,Broad Match #3,1,1,100%,INR,24.6,24.6,0,0,0%,Search
greatlearning chennai,Broad match,None,TrendyTech Search India,Broad Match #3,1,1,100%,INR,24.05,24.05,0,0,0%,Search
nural network data training,Broad match,None,TrendyTech Search India,Broad Match #3,1,1,100%,INR,34.22,34.22,0,0,0%,Search
python big data,Broad match,None,TrendyTech Search India,Broad Match #3,2,1,50%,INR,34.97,34.97,0,0,0%,Search
lms intellipaat com,Broad match,None,TrendyTech Search India,Broad Match #3,5,1,20%,INR,34.69,34.69,0,0,0%,Search
dataflair hadoop,Broad match,None,TrendyTech Search India,Broad Match #3,7,6,85.71%,INR,28.24,169.45,0,0,0%,Search
big data training in chennai,Phrase match (close variant),None,TrendyTech Search India,Broad Match #3,1,1,100%,INR,35,35,0,0,0%,Search
data course overview,Broad match,None,TrendyTech Search India,Broad Match #3,1,1,100%,INR,29.92,29.92,0,0,0%,Search
dataflair reviews,Broad match,None,TrendyTech Search India,Broad Match #3,2,2,100%,INR,27,54,0,0,0%,Search
apache spark training with placement,Broad match,None,TrendyTech Search India,Broad Match #3,1,1,100%,INR,34.43,34.43,0,0,0%,Search
dat engineering courses in top institutes,Broad match,None,TrendyTech Search India,Broad Match #3,1,1,100%,INR,23.22,23.22,0,0,0%,Search
big data courses in india,Broad match,None,TrendyTech Search India,Broad Match #3,2,1,50%,INR,25.34,25.34,0,0,0%,Search
big data course in great lakes,Broad match,None,TrendyTech Search India,Broad Match #3,1,1,100%,INR,29.52,29.52,0,0,0%,Search
simplilearn big data engineer,Broad match,None,TrendyTech Search India,Broad Match #3,2,1,50%,INR,34.83,34.83,0,0,0%,Search
iit roorkee big data,Broad match,None,TrendyTech Search India,Broad Match #3,1,1,100%,INR,19.84,19.84,0,0,0%,Search
big data courses in bangalore,Broad match,None,TrendyTech Search India,Broad Match #3,6,2,33.33%,INR,9.2,18.4,0,0,0%,Search
hadoop in real world,Broad match,None,TrendyTech Search India,Broad Match #3,1,1,100%,INR,33.48,33.48,0,0,0%,Search
best big data course in bangalore,Phrase match,None,TrendyTech Search India,Broad Match #3,1,1,100%,INR,24.98,24.98,0,0,0%,Search
big data courses in chennai broadway,Broad match,None,TrendyTech Search India,Broad Match #3,1,1,100%,INR,31.25,31.25,0,0,0%,Search
big data iit bombay,Broad match,None,TrendyTech Search India,Broad Match #3,1,1,100%,INR,24.55,24.55,0,0,0%,Search
hadoop email marketing course,Broad match,None,TrendyTech Search India,Broad Match #3,1,1,100%,INR,31.77,31.77,0,0,0%,Search
data analyst course in marathahalli,Broad match,None,TrendyTech Search India,Broad Match #3,2,1,50%,INR,6.2,6.2,0,0,0%,Search
big data institutes in dlehi,Broad match,None,TrendyTech Search India,Broad Match #3,1,1,100%,INR,34.93,34.93,0,0,0%,Search
pay after placement courses on big data,Broad match,None,TrendyTech Search India,Broad Match #3,1,1,100%,INR,32.89,32.89,0,0,0%,Search
big data course details,Broad match,None,TrendyTech Search India,Broad Match #3,4,2,50%,INR,27.9,55.8,0,0,0%,Search
hadoop training institutes in chennai india,Broad match,None,TrendyTech Search India,Broad Match #3,3,2,66.67%,INR,27.99,55.98,0,0,0%,Search
big data weekend courses,Broad match,None,TrendyTech Search India,Broad Match #3,1,1,100%,INR,17.03,17.03,0,0,0%,Search
qlikview training in chennai,Broad match,None,TrendyTech Search India,Broad Match #3,1,1,100%,INR,29.96,29.96,0,0,0%,Search
best online training for big data in hyderabad,Broad match,None,TrendyTech Search India,Broad Match #3,1,1,100%,INR,24.05,24.05,0,0,0%,Search
www techetraining,Broad match,None,TrendyTech Search India,Broad Match #3,1,1,100%,INR,27.86,27.86,0,0,0%,Search
spark dataset project code,Broad match,None,TrendyTech Search India,Broad Match #3,1,1,100%,INR,19.79,19.79,0,0,0%,Search
scala in big data hadoop,Broad match,None,TrendyTech Search India,Broad Match #3,1,1,100%,INR,34.22,34.22,0,0,0%,Search
understanding text analytics and big data by www edureka com,Broad match,None,TrendyTech Search India,Broad Match #3,1,1,100%,INR,19.34,19.34,0,0,0%,Search
big data university,Broad match,None,TrendyTech Search India,Broad Match #3,3,1,33.33%,INR,21.91,21.91,0,0,0%,Search
2 days course it,Broad match,None,TrendyTech Search India,Broad Match #3,2,1,50%,INR,24.29,24.29,0,0,0%,Search
big datatutorial,Broad match,None,TrendyTech Search India,Broad Match #3,1,1,100%,INR,34.61,34.61,0,0,0%,Search
cassandra online training,Broad match,None,TrendyTech Search India,Broad Match #3,2,1,50%,INR,19.81,19.81,0,0,0%,Search
big data questions paper with solution,Broad match,None,TrendyTech Search India,Broad Match #3,1,1,100%,INR,34.79,34.79,0,0,0%,Search
data architect course online,Broad match,None,TrendyTech Search India,Broad Match #3,1,1,100%,INR,34.37,34.37,0,0,0%,Search
best institutes for bigdata,Broad match,None,TrendyTech Search India,Broad Match #3,1,2,200%,INR,29.44,58.88,0,0,0%,Search
big data training hyderabad,Broad match,None,TrendyTech Search India,Broad Match #3,1,1,100%,INR,34.99,34.99,0,0,0%,Search
masters in big data,Broad match,None,TrendyTech Search India,Broad Match #3,2,1,50%,INR,29.94,29.94,0,0,0%,Search
deta sciens courses in pune,Broad match,None,TrendyTech Search India,Broad Match #3,1,1,100%,INR,25,25,0,0,0%,Search
big data 101,Broad match,None,TrendyTech Search India,Broad Match #3,1,1,100%,INR,27.66,27.66,0,0,0%,Search
hadoop training websie,Broad match,None,TrendyTech Search India,Broad Match #3,1,1,100%,INR,24.99,24.99,0,0,0%,Search
big data training online india,Broad match,None,TrendyTech Search India,Broad Match #3,1,1,100%,INR,24.94,24.94,0,0,0%,Search
big data analytics,Broad match,None,TrendyTech Search India,Broad Match #3,25,1,4%,INR,34.36,34.36,0,0,0%,Search
edulab learn complete data analytics with python,Broad match,None,TrendyTech Search India,Broad Match #3,1,1,100%,INR,29.73,29.73,0,0,0%,Search
bigdata spark course in ameerpet,Broad match,None,TrendyTech Search India,Broad Match #3,1,1,100%,INR,29.79,29.79,0,0,0%,Search
big data tools,Broad match,None,TrendyTech Search India,Broad Match #3,1,1,100%,INR,34.88,34.88,0,0,0%,Search
taming hadoop,Broad match,None,TrendyTech Search India,Broad Match #3,1,1,100%,INR,29.2,29.2,0,0,0%,Search
apache spark and scala certification,Broad match,None,TrendyTech Search India,Broad Match #3,1,1,100%,INR,34.96,34.96,0,0,0%,Search
cloudxlab,Broad match,None,TrendyTech Search India,Broad Match #3,72,15,20.83%,INR,28.68,430.21,0,0,0%,Search
top 20 big data courses,Broad match,None,TrendyTech Search India,Broad Match #3,1,1,100%,INR,34.32,34.32,0,0,0%,Search
big data training in australia,Phrase match,None,TrendyTech Search India,Broad Match #3,1,1,100%,INR,25.83,25.83,0,0,0%,Search
databricks certification training,Broad match,None,TrendyTech Search India,Broad Match #3,1,1,100%,INR,24.93,24.93,0,0,0%,Search
big data and analytics seema acharya subhashini chellappan infosys limited publication wiley india private limited 1st edition 2,Broad match,None,TrendyTech Search India,Broad Match #3,1,1,100%,INR,21.32,21.32,0,0,0%,Search
curso en ciencia de datos online gratis,Broad match,None,TrendyTech Search World,Two Words R,1,1,100%,INR,22.79,22.79,0,0,0%,Search
sujets de mmoire de master 2 big data orient analyse de donnes,Broad match,None,TrendyTech Search World,Broad Match,1,1,100%,INR,19.84,19.84,0,0,0%,Search
kursus data science online,Broad match,None,TrendyTech Search World,Two Words R,2,1,50%,INR,30,30,0,0,0%,Search
data,Broad match,None,Demo Video Campaign,AdGroup #1,725,7,0.97%,INR,0.59,4.12,0,0,0%,Video
short course in data analytics and their fees in rands,Broad match,None,TrendyTech Search World,Broad Match,1,1,100%,INR,28.8,28.8,0,0,0%,Search
soft course data scientist,Broad match,None,TrendyTech Search World,Broad Match,1,1,100%,INR,24.96,24.96,0,0,0%,Search
wbt big data,Broad match,None,TrendyTech Search World,Broad Match,1,1,100%,INR,29.86,29.86,0,0,0%,Search
i want to learn big data,Broad match,None,TrendyTech Search World,Broad Match,1,1,100%,INR,24.21,24.21,0,0,0%,Search
spark,Broad match,None,Demo Video Campaign,AdGroup #1,7,1,14.29%,INR,1.17,1.17,0,0,0%,Video
data engineer full course,Broad match,None,TrendyTech Search World,Broad Match,1,1,100%,INR,29.01,29.01,0,0,0%,Search
data scientist online scholarship,Broad match,None,TrendyTech Search World,Two Words R,1,1,100%,INR,40,40,0,0,0%,Search
data analyst course in sri lanka,Broad match,None,TrendyTech Search World,Broad Match,1,1,100%,INR,14.5,14.5,0,0,0%,Search
big data in disease diagnosis,Broad match,None,Demo Video Campaign,AdGroup #1,1,1,100%,INR,0.17,0.17,0,0,0%,Video
coursera big data 101,Broad match,None,TrendyTech Search World,Broad Match,0,1,--,INR,29.78,29.78,0,0,0%,Search
making a scatter chart in excel using big data,Broad match,None,Demo Video Campaign,AdGroup #1,1,1,100%,INR,0.01,0.01,0,0,0%,Video
big data concept,Broad match,None,Demo Video Campaign,AdGroup #1,1,1,100%,INR,0.05,0.05,0,0,0%,Video
total students of data university,Broad match,None,TrendyTech Search World,Broad Match,1,1,100%,INR,12.21,12.21,0,0,0%,Search
curso big data online gratis,Phrase match,None,TrendyTech Search World,Two Words R,1,1,100%,INR,19.85,19.85,0,0,0%,Search
big data certification in zimbabwe,Broad match,None,TrendyTech Search World,Broad Match,1,1,100%,INR,20,20,0,0,0%,Search
master in data science gratis online,Broad match,None,TrendyTech Search World,Two Words R,1,1,100%,INR,49.33,49.33,0,0,0%,Search
diploma data analytics online,Broad match,None,TrendyTech Search World,Two Words R,1,1,100%,INR,24.7,24.7,0,0,0%,Search
big data online course,Phrase match (close variant),None,TrendyTech Search World,Two Words R,2,1,50%,INR,38.86,38.86,0,0,0%,Search
post graduate diploma on big data in bangladesh,Broad match,None,TrendyTech Search World,Broad Match,1,1,100%,INR,24.96,24.96,0,0,0%,Search
big data engineer online certificate,Broad match,None,TrendyTech Search World,Two Words R,1,1,100%,INR,25.91,25.91,0,0,0%,Search
formation en ligne gratuite big data,Broad match,None,TrendyTech Search World,Broad Match,2,1,50%,INR,29.79,29.79,0,0,0%,Search
certificacion big data online gratis,Phrase match (close variant),None,TrendyTech Search World,Two Words R,1,1,100%,INR,30,30,0,0,0%,Search
data available online,Broad match,None,TrendyTech Search World,Two Words R,1,1,100%,INR,33.53,33.53,0,0,0%,Search
mba big data management,Broad match,None,TrendyTech Search World,Broad Match,1,2,200%,INR,20,40,0,0,0%,Search
big data course,Exact match,Added,TrendyTech Search World,Broad Match,10,3,30%,INR,24.22,72.65,0,0,0%,Search
online big data course,Broad match,Added,TrendyTech Search World,Two Words R,1,1,100%,INR,24.8,24.8,0,0,0%,Search
div class li profile badge data version v1 data size medium data locale fr_fr data type horizontal data theme light data vanity,Broad match,None,TrendyTech Search World,Broad Match,2,1,50%,INR,12.22,12.22,0,0,0%,Search
big data university,Broad match,None,TrendyTech Search World,Broad Match,2,1,50%,INR,24.21,24.21,0,0,0%,Search
cheap online course on big data analytics,Broad match,None,TrendyTech Search World,Two Words R,1,1,100%,INR,39.63,39.63,0,0,0%,Search
big data analysis course in bangladesh,Broad match,None,TrendyTech Search World,Broad Match,1,1,100%,INR,20,20,0,0,0%,Search
data analytics courses in sri lanka,Broad match,None,TrendyTech Search World,Broad Match,1,1,100%,INR,15,15,0,0,0%,Search
big data analytics courses,Broad match,None,TrendyTech Search World,Broad Match,3,2,66.67%,INR,17.34,34.67,0,0,0%,Search
hadoop online terminal,Phrase match,None,TrendyTech Search World,Two Words R,1,1,100%,INR,49.55,49.55,0,0,0%,Search
big data engineer books,Broad match,None,TrendyTech Search World,Broad Match,1,1,100%,INR,30,30,0,0,0%,Search
aws big data training online,Broad match,None,TrendyTech Search World,Three Words R,1,1,100%,INR,33.53,33.53,0,0,0%,Search
table big data 10 ,Broad match,None,TrendyTech Search World,Broad Match,1,1,100%,INR,24.43,24.43,0,0,0%,Search
big data certification online,Broad match,None,TrendyTech Search World,Broad Match,1,1,100%,INR,19.84,19.84,0,0,0%,Search
science data course,Broad match,None,TrendyTech Search World,Broad Match,1,1,100%,INR,24.96,24.96,0,0,0%,Search
cloudera hadoop cours,Broad match,None,TrendyTech Search World,Broad Match,1,1,100%,INR,24.67,24.67,0,0,0%,Search
online large scale database management system quiz,Broad match,None,TrendyTech Search World,Two Words R,1,1,100%,INR,37.23,37.23,0,0,0%,Search
what is big data in hindi,Broad match,None,Demo Video Campaign,AdGroup #1,4,1,25%,INR,0.18,0.18,0,0,0%,Video
data analytics training courses,Broad match,None,TrendyTech Search World,Broad Match,1,1,100%,INR,19.85,19.85,0,0,0%,Search
data scientist online,Broad match,None,TrendyTech Search World,Two Words R,1,1,100%,INR,24.02,24.02,0,0,0%,Search
introduction to big data,Broad match,None,TrendyTech Search World,Broad Match,1,2,200%,INR,27.49,54.98,0,0,0%,Search
course content assessment attempt menu teste avaliao on line 5 aol 5 questionrio avaliao on line 5 aol 5 questionrio,Broad match,None,TrendyTech Search World,Broad Match,1,1,100%,INR,29.37,29.37,0,0,0%,Search
les outils bigdata,Broad match,None,TrendyTech Search World,Broad Match,1,1,100%,INR,29.78,29.78,0,0,0%,Search
big data online training,Broad match,None,TrendyTech Search World,Three Words R,1,1,100%,INR,40,40,0,0,0%,Search
types of big data,Broad match,None,TrendyTech Search World,Broad Match,1,1,100%,INR,21.94,21.94,0,0,0%,Search
what is data scientost master class,Broad match,None,TrendyTech Search World,Broad Match,1,1,100%,INR,23.61,23.61,0,0,0%,Search
penerapan big data pada media online,Broad match,None,TrendyTech Search World,Two Words R,1,1,100%,INR,20,20,0,0,0%,Search
kursus big data binus alam suter,Broad match,None,TrendyTech Search World,Broad Match,1,1,100%,INR,9.87,9.87,0,0,0%,Search
comment installer hadoop sur windows 10,Broad match,None,Demo Video Campaign,AdGroup #1,1,1,100%,INR,0.31,0.31,0,0,0%,Video
cursos de big data gratis en espaol online,Broad match,None,TrendyTech Search World,Three Words R,1,1,100%,INR,29.24,29.24,0,0,0%,Search
big data learning,Broad match,None,TrendyTech Search World,Broad Match,1,1,100%,INR,24.69,24.69,0,0,0%,Search
big data engineer course,Broad match,None,TrendyTech Search World,Broad Match,1,1,100%,INR,30,30,0,0,0%,Search
big data udemy,Broad match,None,TrendyTech Search World,Broad Match,1,1,100%,INR,25.25,25.25,0,0,0%,Search
big data login,Broad match,None,TrendyTech Search World,Broad Match,1,1,100%,INR,26.72,26.72,0,0,0%,Search
online mentors on big data analytics,Broad match,None,TrendyTech Search World,Two Words R,1,1,100%,INR,49.16,49.16,0,0,0%,Search
data analyst online courses,Broad match,None,TrendyTech Search World,Two Words R,1,1,100%,INR,38.1,38.1,0,0,0%,Search
big data stock,Broad match,None,Demo Video Campaign,AdGroup #1,1,1,100%,INR,0.12,0.12,0,0,0%,Video
sumit big data,Broad match,None,Demo Video Campaign,AdGroup #1,1,1,100%,INR,0.58,0.58,0,0,0%,Video
big data   10 ,Broad match,None,TrendyTech Search World,Broad Match,1,1,100%,INR,15,15,0,0,0%,Search
online courses for data science,Broad match,None,TrendyTech Search World,Three Words R,1,1,100%,INR,50,50,0,0,0%,Search
big data eitimi online,Broad match,None,TrendyTech Search World,Two Words R,1,1,100%,INR,39.09,39.09,0,0,0%,Search
big data polytechnic,Broad match,None,TrendyTech Search World,Broad Match,1,1,100%,INR,22.69,22.69,0,0,0%,Search
data analysis courses,Broad match,None,TrendyTech Search World,Broad Match,2,2,100%,INR,30,60,0,0,0%,Search
big data hadoop 2 minutes topic speech in english,Broad match,None,TrendyTech Search India,Broad Match #3,1,1,100%,INR,19.46,19.46,0,0,0%,Search
big data with hadoop,Broad match,None,TrendyTech Search India,Broad Match #3,2,2,100%,INR,34.65,69.3,0,0,0%,Search
scala training in bangalore,Broad match,None,TrendyTech Search India,Broad Match #3,1,1,100%,INR,17.91,17.91,0,0,0%,Search
big data labs online,Broad match,None,TrendyTech Search India,Broad Match #3,1,1,100%,INR,34.95,34.95,0,0,0%,Search
learn python and hadoop from scratch,Broad match,None,TrendyTech Search India,Broad Match #3,1,1,100%,INR,29.85,29.85,0,0,0%,Search
big data certification,Broad match,None,TrendyTech Search India,Broad Match #3,3,1,33.33%,INR,23.85,23.85,0,0,0%,Search
big data developer,Broad match,None,TrendyTech Search India,Broad Match #3,2,1,50%,INR,28.88,28.88,0,0,0%,Search
big data course in chennai,Phrase match,None,TrendyTech Search India,Broad Match #3,2,1,50%,INR,26.93,26.93,0,0,0%,Search
data flair training django,Broad match,None,TrendyTech Search India,Broad Match #3,1,1,100%,INR,28.21,28.21,0,0,0%,Search
cdac big data linkedin,Broad match,None,TrendyTech Search India,Broad Match #3,1,1,100%,INR,25.58,25.58,0,0,0%,Search
intellipaat reviews,Broad match,None,TrendyTech Search India,Broad Match #3,9,2,22.22%,INR,26.23,52.46,0,0,0%,Search
big data software,Broad match,Excluded,TrendyTech Search India,Broad Match #3,1,1,100%,INR,24.56,24.56,0,0,0%,Search
minimum qualifications for learning big data,Broad match,None,TrendyTech Search India,Broad Match #3,1,1,100%,INR,34.33,34.33,0,0,0%,Search
big data training in pune,Broad match,None,TrendyTech Search India,Broad Match #3,1,2,200%,INR,35,70,0,0,0%,Search
a training program with fee 1000 dollars quora com,Broad match,None,TrendyTech Search India,Broad Match #3,1,1,100%,INR,24.84,24.84,0,0,0%,Search
big data institute in bangalore,Broad match,None,TrendyTech Search India,Broad Match #3,1,1,100%,INR,5.46,5.46,0,0,0%,Search
big data course fees in chennai,Phrase match,None,TrendyTech Search India,Broad Match #3,1,1,100%,INR,26.78,26.78,0,0,0%,Search
data analyst course eligibility,Broad match,None,TrendyTech Search India,Broad Match #3,12,1,8.33%,INR,34.56,34.56,0,0,0%,Search
apache spark training in bangalore,Broad match,None,TrendyTech Search India,Broad Match #3,1,1,100%,INR,8.76,8.76,0,0,0%,Search
cipet 3 month courses 2020,Broad match,None,TrendyTech Search India,Broad Match #3,1,1,100%,INR,29.04,29.04,0,0,0%,Search
kelly technologies courses,Broad match,None,TrendyTech Search India,Broad Match #3,1,1,100%,INR,22.35,22.35,0,0,0%,Search
ibm courses,Broad match,None,TrendyTech Search India,Broad Match #3,0,1,--,INR,23.4,23.4,0,0,0%,Search
scala training in hyderabad,Broad match,None,TrendyTech Search India,Broad Match #3,1,1,100%,INR,19.48,19.48,0,0,0%,Search
web mining and big data mca syllabus,Broad match,None,TrendyTech Search India,Broad Match #3,1,1,100%,INR,23.89,23.89,0,0,0%,Search
third class of analytics for all master the basics of analytics in 5 days session is starting in 5www gs im n qjavq5catum,Broad match,None,TrendyTech Search India,Broad Match #3,1,1,100%,INR,30.49,30.49,0,0,0%,Search
best big data hadoop spark training,Broad match,None,TrendyTech Search India,Broad Match #3,2,2,100%,INR,8.43,16.85,0,0,0%,Search
good apache spark classes,Broad match,None,TrendyTech Search India,Broad Match #3,1,1,100%,INR,22.92,22.92,0,0,0%,Search
big data training in chennai academy,Broad match,None,TrendyTech Search India,Broad Match #3,1,1,100%,INR,19.87,19.87,0,0,0%,Search
hadoop training with placement,Broad match,None,TrendyTech Search India,Broad Match #3,1,1,100%,INR,34.2,34.2,0,0,0%,Search
hadoop starter kit,Broad match,None,TrendyTech Search India,Broad Match #3,1,1,100%,INR,24.67,24.67,0,0,0%,Search
hadoop pass,Broad match,None,TrendyTech Search India,Broad Match #3,1,1,100%,INR,9.82,9.82,0,0,0%,Search
data analyst training with job guarantee,Broad match,None,TrendyTech Search India,Broad Match #3,2,1,50%,INR,23.37,23.37,0,0,0%,Search
big data hadoop institute bangalore marathahalli list,Broad match,None,TrendyTech Search India,Broad Match #3,1,1,100%,INR,7.61,7.61,0,0,0%,Search
an example of visualizing big data is,Broad match,None,TrendyTech Search India,Broad Match #3,1,1,100%,INR,22.12,22.12,0,0,0%,Search
hadoop 1 architecture,Broad match,None,TrendyTech Search India,Broad Match #3,1,1,100%,INR,22.45,22.45,0,0,0%,Search
coaching centres of big data and placement in bangalore,Broad match,None,TrendyTech Search India,Broad Match #3,1,1,100%,INR,10.38,10.38,0,0,0%,Search
top big data institutes in hyderabad,Broad match,None,TrendyTech Search India,Broad Match #3,1,1,100%,INR,30,30,0,0,0%,Search
cv for cse big data student,Broad match,None,TrendyTech Search India,Broad Match #3,1,1,100%,INR,22.19,22.19,0,0,0%,Search
big data edureka,Broad match,None,TrendyTech Search India,Broad Match #3,2,1,50%,INR,24.98,24.98,0,0,0%,Search
big data online course fee,Broad match,None,TrendyTech Search India,Broad Match #3,1,1,100%,INR,34.18,34.18,0,0,0%,Search
learn big data,Broad match,None,TrendyTech Search Desktop,new ad group,1,1,100%,INR,12.57,12.57,0,0,0%,Search
course in big data analytics,Broad match,None,TrendyTech Search Desktop,new ad group,1,1,100%,INR,30,30,0,0,0%,Search
big data analytics course syllabus,Broad match,None,TrendyTech Search Desktop,new ad group,1,1,100%,INR,29,29,0,0,0%,Search
big data analysis course in sri lanka,Broad match,None,TrendyTech Search Desktop,new ad group,1,1,100%,INR,38.15,38.15,0,0,0%,Search
data scientist training experience online,Broad match,None,TrendyTech Search World,Two Words R,1,1,100%,INR,38.74,38.74,0,0,0%,Search
big data school ,Broad match,None,TrendyTech Search World,Broad Match,1,1,100%,INR,29.77,29.77,0,0,0%,Search
mster en big data online,Phrase match (close variant),None,TrendyTech Search World,Two Words R,1,1,100%,INR,29.78,29.78,0,0,0%,Search
map reduce technique in big data,Broad match,None,Demo Video Campaign,AdGroup #1,1,1,100%,INR,0.19,0.19,0,0,0%,Video
best data science online courses in the world,Broad match,None,TrendyTech Search World,Two Words R,1,1,100%,INR,49.53,49.53,0,0,0%,Search
big data hadoop certification,Broad match,None,TrendyTech Search World,Broad Match,0,1,--,INR,14.79,14.79,0,0,0%,Search
data analytcs courses in summmer,Broad match,None,TrendyTech Search World,Broad Match,1,1,100%,INR,20,20,0,0,0%,Search
formation en ligne big data,Broad match,None,TrendyTech Search World,Broad Match,1,1,100%,INR,23.45,23.45,0,0,0%,Search
data engineer course,Broad match,None,TrendyTech Search World,Broad Match,4,1,25%,INR,30,30,0,0,0%,Search
big data ragnarok online,Broad match,None,TrendyTech Search World,Two Words R,1,1,100%,INR,49.92,49.92,0,0,0%,Search
cours big data et machine learning cousera,Broad match,None,TrendyTech Search World,Broad Match,1,1,100%,INR,29.84,29.84,0,0,0%,Search
a amado p cortez p rita and s moro research trends on big data in marketing a text mining and topic modeling based literature an,Broad match,None,TrendyTech Search World,Two Words R,1,1,100%,INR,29.78,29.78,0,0,0%,Search
data analyst course,Broad match,None,TrendyTech Search World,Broad Match,2,1,50%,INR,25,25,0,0,0%,Search
online statistical tools for data analysis,Broad match,None,TrendyTech Search World,Two Words R,1,1,100%,INR,40,40,0,0,0%,Search
pelatihan big data,Broad match,None,TrendyTech Search World,Broad Match,1,1,100%,INR,15,15,0,0,0%,Search
kursus big data jogja,Broad match,None,TrendyTech Search World,Broad Match,1,1,100%,INR,10,10,0,0,0%,Search
data engineer online certification,Broad match,None,TrendyTech Search World,Two Words R,1,1,100%,INR,39.74,39.74,0,0,0%,Search
hadoop,Broad match,None,TrendyTech Search World,Broad Match,3,1,33.33%,INR,20,20,0,0,0%,Search
master program in big data,Broad match,None,TrendyTech Search World,Broad Match,0,1,--,INR,30,30,0,0,0%,Search
big data cours,Broad match,None,TrendyTech Search World,Broad Match,5,2,40%,INR,22.43,44.85,0,0,0%,Search
big data courses online,Broad match,None,TrendyTech Search World,Two Words R,1,1,100%,INR,9.12,9.12,0,0,0%,Search
les base du big data introduction,Broad match,None,TrendyTech Search World,Broad Match,1,1,100%,INR,29.78,29.78,0,0,0%,Search
big data online certification,Phrase match (close variant),None,TrendyTech Search World,Two Words R,1,1,100%,INR,39.63,39.63,0,0,0%,Search
big data and hadoop online course,Broad match,None,TrendyTech Search World,Two Words R,1,1,100%,INR,30,30,0,0,0%,Search
https unccelearn org login confirm php data ib1qa2ealednjpp massalbaye,Broad match,None,TrendyTech Search World,Broad Match,1,1,100%,INR,28.96,28.96,0,0,0%,Search
le big data 60 secondes pour comprendre,Broad match,None,Demo Video Campaign,AdGroup #1,1,1,100%,INR,0.85,0.85,0,0,0%,Video
data scientist course in karachi,Broad match,None,TrendyTech Search World,Broad Match,1,1,100%,INR,24.96,24.96,0,0,0%,Search
best sql course,Broad match,None,TrendyTech Search World,Broad Match,1,1,100%,INR,20,20,0,0,0%,Search
les cours basses de donnes bigdata,Broad match,None,TrendyTech Search World,Broad Match,1,1,100%,INR,15,15,0,0,0%,Search
data scientist curso online,Broad match,None,TrendyTech Search World,Two Words R,1,1,100%,INR,40,40,0,0,0%,Search
curso online big data gratuito,Broad match,None,TrendyTech Search World,Two Words R,1,2,200%,INR,47.82,95.64,0,0,0%,Search
hadoop tutorial,Broad match,None,TrendyTech Search World,Broad Match,2,1,50%,INR,29.78,29.78,0,0,0%,Search
udemy best big data courses,Broad match,None,TrendyTech Search World,Broad Match,1,1,100%,INR,29.97,29.97,0,0,0%,Search
big data in medicine distant courses,Broad match,None,TrendyTech Search World,Broad Match,1,1,100%,INR,29.86,29.86,0,0,0%,Search
big data short term training with full funding 2020,Broad match,None,TrendyTech Search World,Broad Match,1,1,100%,INR,15,15,0,0,0%,Search
scoop hadoop,Broad match,None,Demo Video Campaign,AdGroup #1,1,1,100%,INR,0.29,0.29,0,0,0%,Video
curso online gratis big data,Broad match,None,TrendyTech Search World,Two Words R,3,1,33.33%,INR,29.77,29.77,0,0,0%,Search
learn bigdata,Broad match,None,TrendyTech Search World,Broad Match,1,1,100%,INR,24.85,24.85,0,0,0%,Search
curso de cientista de dados online gratis,Broad match,None,TrendyTech Search World,Two Words R,2,1,50%,INR,29.99,29.99,0,0,0%,Search
big data analysis lecture,Broad match,None,TrendyTech Search World,Broad Match,1,1,100%,INR,24.21,24.21,0,0,0%,Search
big data curso online,Broad match,None,TrendyTech Search World,Two Words R,1,1,100%,INR,39.49,39.49,0,0,0%,Search
learn big data,Broad match,None,TrendyTech Search World,Broad Match,1,1,100%,INR,25,25,0,0,0%,Search
tude de cas exemple big data,Broad match,None,TrendyTech Search World,Broad Match,1,1,100%,INR,29.03,29.03,0,0,0%,Search
big data    online ,Broad match,None,TrendyTech Search World,Two Words R,1,1,100%,INR,38.1,38.1,0,0,0%,Search
power of a data analytics,Broad match,None,TrendyTech Search World,Broad Match,1,1,100%,INR,29.72,29.72,0,0,0%,Search
classification of big data in cloud computing,Broad match,None,TrendyTech Search World,Broad Match,1,1,100%,INR,24.69,24.69,0,0,0%,Search
on line ourse on data analysis genomic selection,Broad match,None,TrendyTech Search World,Two Words R,1,2,200%,INR,39.47,78.94,0,0,0%,Search
data structure mit open course,Broad match,None,TrendyTech Search World,Broad Match,1,1,100%,INR,29.5,29.5,0,0,0%,Search
big data prerequisite,Broad match,None,TrendyTech Search World,Broad Match,1,1,100%,INR,15,15,0,0,0%,Search
cloud computing big data training online courses,Broad match,None,TrendyTech Search World,Two Words R,1,2,200%,INR,38.74,77.48,0,0,0%,Search
data analysis courses online,Broad match,None,TrendyTech Search World,Two Words R,1,1,100%,INR,29.72,29.72,0,0,0%,Search
big data course fees,Broad match,None,TrendyTech Search World,Broad Match,1,1,100%,INR,20,20,0,0,0%,Search
the human face of big data online latino,Phrase match (close variant),None,TrendyTech Search World,Two Words R,1,1,100%,INR,29.01,29.01,0,0,0%,Search
spark ar tutorial,Broad match,None,Demo Video Campaign,AdGroup #1,4,1,25%,INR,2.16,2.16,0,0,0%,Video
big data analytics online courses,Broad match,None,TrendyTech Search World,Three Words R,1,1,100%,INR,40,40,0,0,0%,Search
big data analist course,Broad match,None,TrendyTech Search World,Broad Match,1,1,100%,INR,27.49,27.49,0,0,0%,Search
cursos de big data gratis online,Broad match,None,TrendyTech Search World,Two Words R,1,1,100%,INR,29.75,29.75,0,0,0%,Search
big data study,Broad match,None,TrendyTech Search World,Broad Match,1,1,100%,INR,20,20,0,0,0%,Search
online course to learn data analysis to use in construction field,Broad match,None,TrendyTech Search World,Two Words R,1,1,100%,INR,30,30,0,0,0%,Search
spark show light,Broad match,None,TrendyTech Search India,Broad Match #3,1,1,100%,INR,19.8,19.8,0,0,0%,Search
best hadoop books,Broad match,None,TrendyTech Search India,Broad Match #3,1,1,100%,INR,26.28,26.28,0,0,0%,Search
analytixlabs,Broad match,None,TrendyTech Search India,Broad Match #3,4,1,25%,INR,27.32,27.32,0,0,0%,Search
analytics training institute,Broad match,None,TrendyTech Search India,Broad Match #3,1,2,200%,INR,34.7,69.4,0,0,0%,Search
online hadoop courses,Phrase match (close variant),None,TrendyTech Search India,Broad Match #3,1,1,100%,INR,29.02,29.02,0,0,0%,Search
rg apache hadoop ipc remoteexception org apache hadoop ipc standbyexception,Broad match,None,TrendyTech Search India,Broad Match #3,1,1,100%,INR,29.6,29.6,0,0,0%,Search
dataflair courses,Broad match,None,TrendyTech Search India,Broad Match #3,1,1,100%,INR,30.77,30.77,0,0,0%,Search
is big data related to coding,Broad match,None,TrendyTech Search India,Broad Match #3,1,1,100%,INR,29.76,29.76,0,0,0%,Search
hadoop online training,Broad match,Added,TrendyTech Search India,Broad Match #3,4,1,25%,INR,29.99,29.99,0,0,0%,Search
big data training with placement,Broad match,None,TrendyTech Search India,Broad Match #3,1,1,100%,INR,34.12,34.12,0,0,0%,Search
simplilearn master in digital marketing course review,Broad match,None,TrendyTech Search India,Broad Match #3,1,1,100%,INR,29.46,29.46,0,0,0%,Search
data analytics subjects,Broad match,None,TrendyTech Search India,Broad Match #3,1,1,100%,INR,24.68,24.68,0,0,0%,Search
hadoop certification,Broad match,None,TrendyTech Search India,Broad Match #3,2,2,100%,INR,24.87,49.74,0,0,0%,Search
institutes universities in delhi offering online data genomics course,Broad match,None,TrendyTech Search India,Broad Match #3,1,2,200%,INR,20.76,41.52,0,0,0%,Search
learn apache spark step by step guide,Broad match,None,TrendyTech Search India,Broad Match #3,1,1,100%,INR,19.12,19.12,0,0,0%,Search
big data architect,Broad match,None,TrendyTech Search India,Broad Match #3,5,1,20%,INR,28.59,28.59,0,0,0%,Search
emcdsa certification cost,Broad match,None,TrendyTech Search India,Broad Match #3,1,1,100%,INR,24.85,24.85,0,0,0%,Search
google data engineer course,Broad match,None,TrendyTech Search India,Broad Match #3,1,1,100%,INR,28.33,28.33,0,0,0%,Search
big data online course in iit delhi,Broad match,None,TrendyTech Search India,Broad Match #3,1,1,100%,INR,24.78,24.78,0,0,0%,Search
ivy pro school course details,Broad match,None,TrendyTech Search India,Broad Match #3,1,1,100%,INR,34.77,34.77,0,0,0%,Search
big data course online,Broad match,None,TrendyTech Search India,Broad Match #3,3,1,33.33%,INR,21.79,21.79,0,0,0%,Search
rahul khati hadoop training,Broad match,None,TrendyTech Search India,Broad Match #3,1,1,100%,INR,29.95,29.95,0,0,0%,Search
spark scala training hyderabad,Broad match,None,TrendyTech Search India,Broad Match #3,1,1,100%,INR,27.24,27.24,0,0,0%,Search
dataflair big data,Broad match,None,TrendyTech Search India,Broad Match #3,1,1,100%,INR,22.75,22.75,0,0,0%,Search
big data101,Broad match,None,TrendyTech Search India,Broad Match #3,1,1,100%,INR,32.29,32.29,0,0,0%,Search
big data hadoop job opportunities,Broad match,None,TrendyTech Search India,Broad Match #3,1,1,100%,INR,14.23,14.23,0,0,0%,Search
big data hadoop solutions,Broad match,None,TrendyTech Search India,Broad Match #3,1,1,100%,INR,24.61,24.61,0,0,0%,Search
keyskills ofhadoop adminstartor,Broad match,None,TrendyTech Search India,Broad Match #3,1,1,100%,INR,20.87,20.87,0,0,0%,Search
big data courses near me,Phrase match (close variant),None,TrendyTech Search India,Broad Match #3,2,2,100%,INR,26.55,53.1,0,0,0%,Search
iguru learning,Broad match,None,TrendyTech Search India,Broad Match #3,3,2,66.67%,INR,29.1,58.19,0,0,0%,Search
apache presto certification trining,Broad match,None,TrendyTech Search India,Broad Match #3,1,1,100%,INR,24.95,24.95,0,0,0%,Search
big data training in hyderabad,Broad match,None,TrendyTech Search India,Broad Match #3,2,1,50%,INR,34.98,34.98,0,0,0%,Search
best hadoop training in bangalore,Broad match,None,TrendyTech Search India,Broad Match #3,1,1,100%,INR,5.9,5.9,0,0,0%,Search
big data denotes the large volume of several kinds of _ that changes ina a rapid,Broad match,None,TrendyTech Search India,Broad Match #3,1,1,100%,INR,20.64,20.64,0,0,0%,Search
big data technology,Broad match,None,TrendyTech Search India,Broad Match #3,3,2,66.67%,INR,25.1,50.19,0,0,0%,Search
name one of the drivers of volume in the big data,Broad match,None,TrendyTech Search India,Broad Match #3,1,1,100%,INR,28.9,28.9,0,0,0%,Search
big data course fee,Phrase match (close variant),None,TrendyTech Search India,Broad Match #3,1,1,100%,INR,29.55,29.55,0,0,0%,Search
intellipaat courses,Broad match,None,TrendyTech Search India,Broad Match #3,4,1,25%,INR,22.75,22.75,0,0,0%,Search
which of the following is an example of big data utilized in action today,Broad match,None,TrendyTech Search India,Broad Match #3,1,1,100%,INR,24.85,24.85,0,0,0%,Search
coursera big data week 3,Broad match,None,TrendyTech Search India,Broad Match #3,1,1,100%,INR,19.98,19.98,0,0,0%,Search
big data coursera project title,Broad match,None,TrendyTech Search India,Broad Match #3,2,1,50%,INR,34.67,34.67,0,0,0%,Search
acadgild,Broad match,None,TrendyTech Search India,Broad Match #3,22,5,22.73%,INR,23.89,119.43,0,0,0%,Search
multiple choice quesy in data analytics,Broad match,None,TrendyTech Search India,Broad Match #3,1,1,100%,INR,24.63,24.63,0,0,0%,Search
big data courses in canada universities,Broad match,None,TrendyTech Search India,Broad Match #3,2,1,50%,INR,29.97,29.97,0,0,0%,Search
hadoop online training in hyderabad,Broad match,None,TrendyTech Search India,Broad Match #3,2,2,100%,INR,29.75,59.5,0,0,0%,Search
big data course for beginners,Phrase match (close variant),None,TrendyTech Search India,Broad Match #3,1,1,100%,INR,29.28,29.28,0,0,0%,Search
big data and hadoop,Broad match,None,TrendyTech Search India,Broad Match #3,12,5,41.67%,INR,31.61,158.04,0,0,0%,Search
big data hadoop training in kolkata,Broad match,None,TrendyTech Search India,Broad Match #3,1,2,200%,INR,19.73,39.46,0,0,0%,Search
best big data training near me,Phrase match,None,TrendyTech Search India,Broad Match #3,1,1,100%,INR,34.79,34.79,0,0,0%,Search
is i b m conduct data learning course on line,Broad match,None,TrendyTech Search India,Broad Match #3,1,1,100%,INR,21.9,21.9,0,0,0%,Search
hadoop dataflair,Broad match,None,TrendyTech Search India,Broad Match #3,1,1,100%,INR,34.38,34.38,0,0,0%,Search
top big data courses in india,Broad match,None,TrendyTech Search India,Broad Match #3,1,1,100%,INR,29.91,29.91,0,0,0%,Search
bigdatacoursespro,Broad match,None,TrendyTech Search India,Broad Match #3,1,1,100%,INR,29.28,29.28,0,0,0%,Search
top 10 analytics institutes in banglore,Broad match,None,TrendyTech Search India,Broad Match #3,1,1,100%,INR,25.21,25.21,0,0,0%,Search
spark training in bangalore,Broad match,None,TrendyTech Search India,Broad Match #3,3,2,66.67%,INR,20.55,41.1,0,0,0%,Search
draw the framework of bigdata analytic,Broad match,None,TrendyTech Search India,Broad Match #3,1,1,100%,INR,23.57,23.57,0,0,0%,Search
simplilearn big data masters programme,Broad match,None,TrendyTech Search India,Broad Match #3,2,2,100%,INR,29.74,59.48,0,0,0%,Search
hadoop certification cost,Broad match,None,TrendyTech Search India,Broad Match #3,1,1,100%,INR,34.13,34.13,0,0,0%,Search
big data training in bangkok,Phrase match,None,TrendyTech Search India,Broad Match #3,1,1,100%,INR,34.95,34.95,0,0,0%,Search
hdpcd certification,Broad match,None,TrendyTech Search India,Broad Match #3,1,1,100%,INR,20.6,20.6,0,0,0%,Search
big data training in ameerpet hyderabad,Broad match,None,TrendyTech Search India,Broad Match #3,1,1,100%,INR,22.78,22.78,0,0,0%,Search
intellepaat,Broad match,None,TrendyTech Search India,Broad Match #3,1,1,100%,INR,21.33,21.33,0,0,0%,Search
big data training,Exact match,Added,TrendyTech Search India,Broad Match #3,16,4,25%,INR,32.31,129.24,0,0,0%,Search
hardoop courses,Broad match,None,TrendyTech Search India,Broad Match #3,1,2,200%,INR,24.78,49.56,0,0,0%,Search
big data simplilearn,Broad match,None,TrendyTech Search India,Broad Match #3,1,1,100%,INR,34.49,34.49,0,0,0%,Search
big data hadoop course in bangalore,Broad match,None,TrendyTech Search India,Broad Match #3,1,1,100%,INR,14.56,14.56,0,0,0%,Search
online classes for big data in bangalore,Phrase match (close variant),None,TrendyTech Search India,Broad Match #3,1,1,100%,INR,34.82,34.82,0,0,0%,Search
big data architect online training hyderabad,Broad match,None,TrendyTech Search India,Broad Match #3,1,1,100%,INR,28.54,28.54,0,0,0%,Search
geoinsyssoft,Broad match,None,TrendyTech Search India,Broad Match #3,2,1,50%,INR,28.96,28.96,0,0,0%,Search
big data startups,Broad match,None,TrendyTech Search India,Broad Match #3,1,1,100%,INR,29.42,29.42,0,0,0%,Search
cloudera certification,Broad match,None,TrendyTech Search India,Broad Match #3,1,1,100%,INR,29.24,29.24,0,0,0%,Search
mitx online courses,Broad match,None,TrendyTech Search India,Broad Match #3,1,1,100%,INR,24.72,24.72,0,0,0%,Search
data course online,Broad match,None,TrendyTech Search India,Broad Match #3,3,2,66.67%,INR,29.69,59.37,0,0,0%,Search
big data hadoop institute,Broad match,None,TrendyTech Search India,Broad Match #3,1,1,100%,INR,23.09,23.09,0,0,0%,Search
python course in hyderabad,Broad match,None,TrendyTech Search India,Broad Match #3,2,1,50%,INR,24.79,24.79,0,0,0%,Search
mapr academy,Broad match,None,TrendyTech Search India,Broad Match #3,4,1,25%,INR,23.25,23.25,0,0,0%,Search
spark certification 2020,Broad match,None,TrendyTech Search India,Broad Match #3,1,1,100%,INR,29.12,29.12,0,0,0%,Search
which of the following is not part of the 3 big v's of big data in data science,Broad match,None,TrendyTech Search India,Broad Match #3,1,1,100%,INR,24.51,24.51,0,0,0%,Search
trendytech best big data hadoop spark training,Broad match,None,TrendyTech Search India,Broad Match #3,1,1,100%,INR,25.89,25.89,0,0,0%,Search
best coaching institutes for big data in ameerpet,Broad match,None,TrendyTech Search India,Broad Match #3,1,1,100%,INR,23.22,23.22,0,0,0%,Search
big data hadoop training report,Broad match,None,TrendyTech Search India,Broad Match #3,1,1,100%,INR,23.86,23.86,0,0,0%,Search
python certification course,Broad match,None,TrendyTech Search India,Broad Match #3,3,1,33.33%,INR,24.74,24.74,0,0,0%,Search
prerequisites to learn big data,Broad match,None,TrendyTech Search India,Broad Match #3,1,1,100%,INR,24.83,24.83,0,0,0%,Search
best coaching centre to do bigdata online,Broad match,None,TrendyTech Search India,Broad Match #3,1,2,200%,INR,34.48,68.96,0,0,0%,Search
when is the last date to complete digital vidya learnathone big data,Broad match,None,TrendyTech Search India,Broad Match #3,1,1,100%,INR,20.65,20.65,0,0,0%,Search
databricks training,Broad match,None,TrendyTech Search India,Broad Match #3,2,1,50%,INR,24.38,24.38,0,0,0%,Search
big data tutorial,Broad match,None,TrendyTech Search India,Broad Match #3,72,9,12.5%,INR,29.36,264.2,0,0,0%,Search
inspecs velachery bigdaa training chennai,Broad match,None,TrendyTech Search India,Broad Match #3,1,1,100%,INR,34.82,34.82,0,0,0%,Search
hadoop training in delhi,Broad match,None,TrendyTech Search India,Broad Match #3,1,1,100%,INR,29.97,29.97,0,0,0%,Search
hadoop software claases,Broad match,None,TrendyTech Search India,Broad Match #3,1,2,200%,INR,28.51,57.02,0,0,0%,Search
cloudx lab course certification acknowledge by which international firms universities,Broad match,None,TrendyTech Search India,Broad Match #3,1,1,100%,INR,22.83,22.83,0,0,0%,Search
big data training with job guarantee,Broad match,None,TrendyTech Search India,Broad Match #3,1,1,100%,INR,34.17,34.17,0,0,0%,Search
big data course when to study,Broad match,None,TrendyTech Search India,Broad Match #3,1,1,100%,INR,33.89,33.89,0,0,0%,Search
hadoop simplilearn,Broad match,None,TrendyTech Search India,Broad Match #3,1,1,100%,INR,29.63,29.63,0,0,0%,Search
pgp in big data engineering,Broad match,None,TrendyTech Search India,Broad Match #3,1,1,100%,INR,32.26,32.26,0,0,0%,Search
is there any college helping for learning bigdata,Broad match,None,TrendyTech Search India,Broad Match #3,1,1,100%,INR,15.16,15.16,0,0,0%,Search
edvancer,Broad match,None,TrendyTech Search India,Broad Match #3,7,1,14.29%,INR,34.35,34.35,0,0,0%,Search
big data regular course in bangalore,Broad match,None,TrendyTech Search India,Broad Match #3,1,1,100%,INR,34.84,34.84,0,0,0%,Search
steps of learning big data,Broad match,None,TrendyTech Search India,Broad Match #3,1,1,100%,INR,28.26,28.26,0,0,0%,Search
cloudera course benefits,Broad match,None,TrendyTech Search India,Broad Match #3,1,1,100%,INR,31.78,31.78,0,0,0%,Search
big data full time course offered by engg colleges in omr,Broad match,None,TrendyTech Search India,Broad Match #3,1,1,100%,INR,29.98,29.98,0,0,0%,Search
hadoop training in bangalore,Broad match,None,TrendyTech Search India,Broad Match #3,12,4,33.33%,INR,18.78,75.11,0,0,0%,Search
big data training in bangalore,Phrase match,None,TrendyTech Search India,Broad Match #3,4,2,50%,INR,26.1,52.19,0,0,0%,Search
microsoft certification courses in big data,Phrase match (close variant),None,TrendyTech Search India,Broad Match #3,1,1,100%,INR,30,30,0,0,0%,Search
linux and kubernetes training in hyderabad,Broad match,None,TrendyTech Search India,Broad Match #3,1,1,100%,INR,26.99,26.99,0,0,0%,Search
big data study groups,Broad match,None,TrendyTech Search India,Broad Match #3,1,1,100%,INR,19.4,19.4,0,0,0%,Search
big data by iit,Broad match,None,TrendyTech Search India,Broad Match #3,1,1,100%,INR,18.34,18.34,0,0,0%,Search
big data training institute in tirupati,Broad match,None,TrendyTech Search India,Broad Match #3,1,1,100%,INR,22.74,22.74,0,0,0%,Search
intellipaat bangalore,Broad match,None,TrendyTech Search India,Broad Match #3,1,1,100%,INR,19.21,19.21,0,0,0%,Search
hiw to orovide hadoop training,Broad match,None,TrendyTech Search India,Broad Match #3,1,1,100%,INR,34.84,34.84,0,0,0%,Search
big data with c++ sample programs,Broad match,None,TrendyTech Search India,Broad Match #3,1,1,100%,INR,23.34,23.34,0,0,0%,Search
big data courses in india,Phrase match (close variant),None,TrendyTech Search India,Broad Match #3,1,1,100%,INR,24.95,24.95,0,0,0%,Search
what is big data analysis,Broad match,None,TrendyTech Search India,Broad Match #3,1,1,100%,INR,34.94,34.94,0,0,0%,Search
best big data engineer institute in india eligibility,Broad match,None,TrendyTech Search India,Broad Match #3,1,1,100%,INR,29.94,29.94,0,0,0%,Search
data hacking course,Broad match,None,TrendyTech Search India,Broad Match #3,1,1,100%,INR,24.66,24.66,0,0,0%,Search
pg diploma in big data hadoop in bangalore,Broad match,None,TrendyTech Search India,Broad Match #3,1,1,100%,INR,29.9,29.9,0,0,0%,Search
data analytics course with placement,Broad match,None,TrendyTech Search India,Broad Match #3,1,2,200%,INR,24.71,49.42,0,0,0%,Search
spark tutorial,Broad match,None,TrendyTech Search India,Broad Match #3,5,1,20%,INR,19.2,19.2,0,0,0%,Search
big data training and placement in hyderabad,Broad match,None,TrendyTech Search India,Broad Match #3,4,4,100%,INR,28.84,115.37,0,0,0%,Search
intellipat,Broad match,None,TrendyTech Search India,Broad Match #3,23,2,8.7%,INR,27.49,54.97,0,0,0%,Search
iit roorkee bigdata,Broad match,None,TrendyTech Search India,Broad Match #3,1,1,100%,INR,29.82,29.82,0,0,0%,Search
hadoop training classes,Exact match (close variant),None,TrendyTech Search India,Broad Match #3,1,1,100%,INR,29.67,29.67,0,0,0%,Search
big data study topics,Broad match,None,TrendyTech Search India,Broad Match #3,1,1,100%,INR,25,25,0,0,0%,Search
bigdata pdg ameerpet,Broad match,None,TrendyTech Search India,Broad Match #3,1,1,100%,INR,12.49,12.49,0,0,0%,Search
certified analytics professional course,Broad match,None,TrendyTech Search India,Broad Match #3,1,1,100%,INR,24.17,24.17,0,0,0%,Search
big data fundamentals,Broad match,None,TrendyTech Search India,Broad Match #3,4,3,75%,INR,31.12,93.35,0,0,0%,Search
jigsaw academy courses,Broad match,None,TrendyTech Search India,Broad Match #3,2,1,50%,INR,24.92,24.92,0,0,0%,Search
dataframe spark sql,Broad match,None,TrendyTech Search India,Broad Match #3,1,1,100%,INR,19.64,19.64,0,0,0%,Search
courses which would help in hadoop,Broad match,None,TrendyTech Search India,Broad Match #3,1,1,100%,INR,34.61,34.61,0,0,0%,Search
12 pass data analysis course,Broad match,None,TrendyTech Search India,Broad Match #3,1,1,100%,INR,32.94,32.94,0,0,0%,Search
data analytics in data acadamy in thiruvanthapuram,Broad match,None,TrendyTech Search India,Broad Match #3,1,1,100%,INR,59.64,59.64,0,0,0%,Search
ivyproschool,Broad match,None,TrendyTech Search India,Broad Match #3,1,1,100%,INR,32.35,32.35,0,0,0%,Search
bigdata live sessions,Broad match,None,TrendyTech Search India,Broad Match #3,1,1,100%,INR,24.6,24.6,0,0,0%,Search
data scienctist best institute in indore,Broad match,None,TrendyTech Search India,Broad Match #3,1,1,100%,INR,16.41,16.41,0,0,0%,Search
data pipeline classes online,Broad match,None,TrendyTech Search India,Broad Match #3,1,1,100%,INR,34.72,34.72,0,0,0%,Search
data analysis courses,Broad match,None,TrendyTech Search India,Broad Match #3,2,1,50%,INR,34.97,34.97,0,0,0%,Search
big data courses,Exact match (close variant),None,TrendyTech Search India,Broad Match #3,62,10,16.13%,INR,20.87,208.71,0,0,0%,Search
big data udemy,Broad match,None,TrendyTech Search India,Broad Match #3,1,1,100%,INR,34.97,34.97,0,0,0%,Search
intellipaat community,Broad match,None,TrendyTech Search India,Broad Match #3,1,1,100%,INR,18.84,18.84,0,0,0%,Search
hadoop tutorial for beginners in hindi,Broad match,None,TrendyTech Search India,Broad Match #3,1,1,100%,INR,33.18,33.18,0,0,0%,Search
which course is best for big data storahe,Broad match,None,TrendyTech Search India,Broad Match #3,1,2,200%,INR,29.89,59.78,0,0,0%,Search
distance learning pgdm big data,Broad match,None,TrendyTech Search India,Broad Match #3,1,1,100%,INR,34.95,34.95,0,0,0%,Search
intro to hadoop,Broad match,None,TrendyTech Search India,Broad Match #3,1,1,100%,INR,34.04,34.04,0,0,0%,Search
amity big data answer,Broad match,None,TrendyTech Search India,Broad Match #3,1,1,100%,INR,22.35,22.35,0,0,0%,Search
javatpoint hadoop tutorial,Broad match,None,TrendyTech Search India,Broad Match #3,1,1,100%,INR,29.4,29.4,0,0,0%,Search
online it training institutes in india,Broad match,None,TrendyTech Search India,Broad Match #3,1,1,100%,INR,23.42,23.42,0,0,0%,Search
big data tutorial for beginners,Broad match,None,TrendyTech Search India,Broad Match #3,2,1,50%,INR,20.52,20.52,0,0,0%,Search
cloudera certification cost,Broad match,None,TrendyTech Search India,Broad Match #3,1,1,100%,INR,24.68,24.68,0,0,0%,Search
top colleges in india which offer data analyst courses,Broad match,None,TrendyTech Search India,Broad Match #3,1,1,100%,INR,24.75,24.75,0,0,0%,Search
azure data lake training,Broad match,None,TrendyTech Search India,Broad Match #3,1,1,100%,INR,24.9,24.9,0,0,0%,Search